#,Name,Type 1,Type 2,Total,HP,Attack,Defense,Sp. Atk,Sp. Def,Speed,Generation,Legendary,KMeans_Cluster,PCA1,PCA2
1,Bulbasaur,Grass,Poison,318,45,49,49,65,65,45,1,False,0,-1.8400875622490227,-0.0254935003268893
2,Ivysaur,Grass,Poison,405,60,62,63,80,80,60,1,False,1,-0.44354258580326433,-0.05076025035914582
3,Venusaur,Grass,Poison,525,80,82,83,100,100,80,1,False,1,1.4803085734055907,-0.058427986986812425
3,VenusaurMega Venusaur,Grass,Poison,625,80,100,123,122,120,80,1,False,2,3.0605574976403718,0.7119392972454752
4,Charmander,Fire,,309,39,52,43,60,50,65,1,False,0,-2.045946028272534,-0.7114989354278891
5,Charmeleon,Fire,,405,58,64,58,80,65,80,1,False,1,-0.500792898631297,-0.7491303881773733
6,Charizard,Fire,Flying,534,78,84,78,109,85,100,1,False,1,1.5693689262135526,-0.8404252429773422
6,CharizardMega Charizard X,Fire,Dragon,634,78,130,111,130,85,100,1,False,2,3.1204209577440127,-0.38479630890408856
6,CharizardMega Charizard Y,Fire,Flying,634,78,104,78,159,115,100,1,False,2,3.241647240269594,-1.0518327338859192
7,Squirtle,Water,,314,44,48,65,50,64,43,1,False,0,-1.9338290677684309,0.47119336727314615
8,Wartortle,Water,,405,59,63,80,65,80,58,1,False,1,-0.47294837191460626,0.47410657203552936
9,Blastoise,Water,,530,79,83,100,85,105,78,1,False,1,1.540864419530167,0.5097588715735165
9,BlastoiseMega Blastoise,Water,,630,79,103,120,135,115,78,1,False,2,3.1408210852013974,0.5288554011231312
10,Caterpie,Bug,,195,45,30,35,20,20,45,1,False,0,-3.886250911806451,-0.27349117394279715
11,Metapod,Bug,,205,50,20,55,25,25,30,1,False,0,-3.7164126239201036,0.4924857139087452
12,Butterfree,Bug,Flying,395,60,45,50,90,80,70,1,False,1,-0.5960798451653407,-0.6304193834551568
13,Weedle,Bug,Poison,195,40,35,30,20,20,50,1,False,0,-3.8926253489079485,-0.5080831386680432
14,Kakuna,Bug,Poison,205,45,25,50,25,25,35,1,False,0,-3.7227870610216,0.25789374918349944
15,Beedrill,Bug,Poison,395,65,90,40,45,80,75,1,False,1,-0.5942164006704627,-0.5273645905514941
15,BeedrillMega Beedrill,Bug,Poison,495,65,150,40,15,80,145,1,False,1,0.8816467572139696,-1.8788272011691287
16,Pidgey,Normal,Flying,251,40,45,40,35,35,56,1,False,0,-2.989186794261328,-0.4569776542581717
17,Pidgeotto,Normal,Flying,349,63,60,55,50,50,71,1,False,0,-1.408434863848891,-0.43559051917850905
18,Pidgeot,Normal,Flying,479,83,80,75,70,70,101,1,False,1,0.658923568028939,-0.6732613772856478
18,PidgeotMega Pidgeot,Normal,Flying,579,83,80,80,135,80,121,1,False,2,2.2544307386828817,-1.5496551378775365
19,Rattata,Normal,,253,30,56,35,25,35,72,1,False,0,-2.9905339165189666,-0.8706350254719619
20,Raticate,Normal,,413,55,81,60,50,70,97,1,False,1,-0.40579670303605947,-0.793579623925241
21,Spearow,Normal,Flying,262,40,60,30,31,31,70,1,False,0,-2.829281704100755,-0.9834119829546857
22,Fearow,Normal,Flying,442,65,90,65,61,61,100,1,False,1,0.04221152922362013,-0.9109287575849881
23,Ekans,Poison,,288,35,60,44,40,54,55,1,False,0,-2.369305748420402,-0.2570745479302434
24,Arbok,Poison,,438,60,85,69,65,79,80,1,False,1,0.035508200590664986,-0.2666592187148213
25,Pikachu,Electric,,320,35,55,40,50,50,90,1,False,0,-1.9138550420496285,-1.2687342035202351
26,Raichu,Electric,,485,60,90,55,90,80,110,1,False,1,0.7690913166414752,-1.464634193719605
27,Sandshrew,Ground,,300,50,75,85,20,30,40,1,False,0,-2.253843505652111,0.9394237172724786
28,Sandslash,Ground,,450,75,100,110,45,55,65,1,False,1,0.15097044335895626,0.9298390464879008
29,Nidoran♀,Poison,,275,55,47,52,40,40,41,1,False,0,-2.5702261137436304,0.17736842531593633
30,Nidorina,Poison,,365,70,62,67,55,55,56,1,False,0,-1.12733774433699,0.17161762284518958
31,Nidoqueen,Poison,Ground,505,90,92,87,75,85,76,1,False,1,1.1362724240084139,0.24722365507621724
32,Nidoran♂,Poison,,273,46,57,40,40,40,50,1,False,0,-2.6088452581436843,-0.3058013663048856
33,Nidorino,Poison,,365,61,72,57,55,55,65,1,False,0,-1.1372044006811572,-0.2711737522635535
34,Nidoking,Poison,Ground,505,81,102,77,85,75,85,1,False,1,1.1090499094546256,-0.3751268125552758
35,Clefairy,Fairy,,323,70,45,48,60,65,35,1,False,0,-1.7123654517998221,0.3169324992263487
36,Clefable,Fairy,,483,95,70,73,95,90,60,1,False,1,0.8550159034734652,0.21442880825031982
37,Vulpix,Fire,,299,38,41,40,50,65,65,1,False,0,-2.1748095341677285,-0.5488767398815395
38,Ninetales,Fire,,505,73,76,75,81,100,100,1,False,1,1.126903031942877,-0.5251276709033683
39,Jigglypuff,Normal,Fairy,270,115,45,20,45,25,20,1,False,0,-2.518222830208794,0.04210848995949313
40,Wigglytuff,Normal,Fairy,435,140,70,45,85,50,45,1,False,1,0.1304422281956035,-0.10685471111226141
41,Zubat,Poison,Flying,245,40,45,35,30,40,55,1,False,0,-3.0667408125631312,-0.4451438371290463
42,Golbat,Poison,Flying,455,75,80,70,65,75,90,1,False,1,0.2999987160523616,-0.4585623762274557
43,Oddish,Grass,Poison,320,45,50,55,75,65,30,1,False,0,-1.7905400263561335,0.34739078088985254
44,Gloom,Grass,Poison,395,60,65,70,85,75,40,1,False,1,-0.5906506286510127,0.4597810130889203
45,Vileplume,Grass,Poison,490,75,80,85,110,90,50,1,False,1,0.9430515106833594,0.47611275116646073
46,Paras,Bug,Grass,285,35,70,55,45,55,25,1,False,0,-2.38257710787695,0.6138543009894154
47,Parasect,Bug,Grass,405,60,95,80,60,80,30,1,False,1,-0.4273451104660558,1.1571948933552414
48,Venonat,Bug,Poison,305,60,55,50,40,55,45,1,False,0,-2.0576574746637752,0.18921703689993374
49,Venomoth,Bug,Poison,450,70,65,60,90,75,90,1,False,1,0.2367364488027908,-0.9046637650265704
50,Diglett,Ground,,265,10,55,25,35,45,95,1,False,0,-2.8223814359066552,-1.6753214488240673
51,Dugtrio,Ground,,405,35,80,50,50,70,120,1,False,1,-0.5801348931578091,-1.5919870994171945
52,Meowth,Normal,,290,40,45,35,40,40,90,1,False,0,-2.4018979519594943,-1.3430737824986652
53,Persian,Normal,,440,65,70,60,65,65,115,1,False,1,0.002915997051572975,-1.3526584532832429
54,Psyduck,Water,,320,50,52,48,65,50,55,1,False,0,-1.8467259812877135,-0.3896946186321278
55,Golduck,Water,,500,80,82,78,95,80,85,1,False,1,1.0390507575255663,-0.4011962235736214
56,Mankey,Fighting,,305,40,80,35,35,45,70,1,False,0,-2.1208094618661533,-0.8050700554324687
57,Primeape,Fighting,,455,65,105,60,60,70,95,1,False,1,0.2840044871449134,-0.8146547262170465
58,Growlithe,Fire,,350,55,70,45,70,50,60,1,False,0,-1.3629483078808466,-0.6008214495174004
59,Arcanine,Fire,,555,90,110,80,100,80,95,1,False,2,1.9124637576999717,-0.6127836664220376
60,Poliwag,Water,,300,40,50,40,40,40,90,1,False,0,-2.2500988594874216,-1.2438108929547722
61,Poliwhirl,Water,,385,65,65,65,50,50,90,1,False,0,-0.877624842914597,-0.6656030347778219
62,Poliwrath,Water,Fighting,510,90,95,95,70,90,70,1,False,1,1.221806665134799,0.635508849231811
63,Abra,Psychic,,310,25,20,15,105,55,90,1,False,0,-2.020933333653813,-2.263339344592434
64,Kadabra,Psychic,,400,40,35,30,120,70,105,1,False,1,-0.5780449642471727,-2.26909014706318
65,Alakazam,Psychic,,500,55,50,45,135,95,120,1,False,1,1.044766669631308,-2.188200877202628
65,AlakazamMega Alakazam,Psychic,,590,55,50,65,175,95,150,1,False,2,2.4130829932459887,-2.846102157286073
66,Machop,Fighting,,305,70,80,50,35,35,35,1,False,0,-2.0703761664885243,0.31790618706902773
67,Machoke,Fighting,,405,80,100,70,50,60,45,1,False,1,-0.4536838021010822,0.596098696244205
68,Machamp,Fighting,,505,90,130,80,65,85,55,1,False,1,1.1790818666716347,0.6690328193863786
69,Bellsprout,Grass,Poison,300,50,75,35,70,30,40,1,False,0,-2.1598186757381845,-0.53463179648675
70,Weepinbell,Grass,Poison,390,65,90,50,85,45,55,1,False,0,-0.7169303063315432,-0.5403825989574965
71,Victreebel,Grass,Poison,490,80,105,65,100,70,70,1,False,1,0.9058813275469374,-0.45949332909694446
72,Tentacool,Water,Poison,335,40,40,35,50,100,70,1,False,0,-1.5267233765365362,-0.45446297400706587
73,Tentacruel,Water,Poison,515,80,70,65,80,120,100,1,False,1,1.3514595490621484,-0.5186822293418463
74,Geodude,Rock,Ground,300,40,80,100,30,30,20,1,False,0,-2.255058563233581,1.5737434902062564
75,Graveler,Rock,Ground,390,55,95,115,45,45,35,1,False,0,-0.812170193826942,1.5679926877355093
76,Golem,Rock,Ground,495,80,120,130,55,65,45,1,False,1,0.8998076642719748,1.7975791107312784
77,Ponyta,Fire,,410,50,85,55,65,65,90,1,False,1,-0.4464739646493893,-0.9345297789806806
78,Rapidash,Fire,,500,65,100,70,80,80,105,1,False,1,0.9964144047572507,-0.9402805814514271
79,Slowpoke,Water,Psychic,315,90,65,65,40,40,15,1,False,0,-1.8655964305228683,1.1505053790234334
80,Slowbro,Water,Psychic,490,95,75,110,100,80,30,1,False,1,0.9376934254920677,1.5166561439988806
80,SlowbroMega Slowbro,Water,Psychic,590,95,75,180,130,80,30,1,False,2,2.4317327262347703,2.6511436613472896
81,Magnemite,Electric,Steel,325,25,35,70,95,55,45,1,False,0,-1.7988364283924718,-0.030049278870081346
82,Magneton,Electric,Steel,465,50,60,95,120,70,70,1,False,1,0.42605425614675396,-0.12627402198595808
83,Farfetch'd,Normal,Flying,352,52,65,55,58,62,60,1,False,0,-1.329975545459395,-0.19195203077480474
84,Doduo,Normal,Flying,310,35,85,45,35,35,75,1,False,0,-2.0914635030203392,-0.8234639686484211
85,Dodrio,Normal,Flying,460,60,110,70,60,60,100,1,False,1,0.31335044599072787,-0.8330486394329994
86,Seel,Water,,325,65,45,55,45,70,45,1,False,0,-1.7082786737212736,0.39399119102296865
87,Dewgong,Water,Ice,475,90,70,80,70,95,70,1,False,1,0.6965352752897934,0.3844065202383906
88,Grimer,Poison,,325,80,80,50,40,50,25,1,False,0,-1.6903853880613844,0.6653323288877386
89,Muk,Poison,,500,105,105,75,65,100,50,1,False,1,1.1642367221292842,0.8723478389314078
90,Shellder,Water,,305,30,65,100,45,25,40,1,False,0,-2.226237608992529,0.9021657140653787
91,Cloyster,Water,Ice,525,50,95,180,85,45,70,1,False,1,1.1886660217510583,1.6866430074650964
92,Gastly,Ghost,Poison,310,30,35,30,100,35,80,1,False,0,-2.0640088353527424,-1.8454069780791444
93,Haunter,Ghost,Poison,405,45,50,45,115,55,95,1,False,1,-0.5311588337101814,-1.807837744384242
94,Gengar,Ghost,Poison,500,60,65,60,130,75,110,1,False,1,1.0016911679323792,-1.7702685106893397
94,GengarMega Gengar,Ghost,Poison,600,60,65,80,170,95,130,1,False,2,2.5863467478217634,-2.0248865246307095
95,Onix,Rock,Ground,385,35,45,160,30,45,70,1,False,0,-1.0506524934594361,1.759861337853315
96,Drowzee,Psychic,,328,60,48,45,43,90,42,1,False,0,-1.6059742503393732,0.43499289159651633
97,Hypno,Psychic,,483,85,73,70,73,115,67,1,False,1,0.8801234018028032,0.3789487107162127
98,Krabby,Water,,325,30,105,90,25,25,50,1,False,0,-1.912284610468589,0.6426433365179741
99,Kingler,Water,,475,55,130,115,50,50,75,1,False,1,0.49252933854247793,0.6330586657333959
100,Voltorb,Electric,,330,40,30,50,55,55,100,1,False,0,-1.7687646297673378,-1.2746077467188648
101,Electrode,Electric,,480,60,50,70,80,80,140,1,False,1,0.6133464101464983,-1.7454212002355558
102,Exeggcute,Grass,Psychic,325,60,40,80,60,45,40,1,False,0,-1.7926658591044242,0.6424661878155683
103,Exeggutor,Grass,Psychic,520,95,95,85,125,65,55,1,False,1,1.393260614743131,0.06792786797840905
104,Cubone,Ground,,320,50,50,95,40,50,35,1,False,0,-1.896442721900816,1.252175223533829
105,Marowak,Ground,,425,60,80,110,50,80,45,1,False,1,-0.18311790388357144,1.515834934217575
106,Hitmonlee,Fighting,,455,50,120,53,35,110,87,1,False,1,0.36309894315713714,-0.24905193513784965
107,Hitmonchan,Fighting,,455,50,105,79,35,110,76,1,False,1,0.3392696709507287,0.5339203683555137
108,Lickitung,Normal,,385,90,55,75,60,75,30,1,False,1,-0.711542587728796,1.128161295613866
109,Koffing,Poison,,340,40,65,95,60,45,35,1,False,0,-1.593845375872477,0.9840452698383522
110,Weezing,Poison,,490,65,90,120,85,70,60,1,False,1,0.8109685731385894,0.9744605990537745
111,Rhyhorn,Ground,Rock,345,80,85,95,30,30,25,1,False,0,-1.485950469677475,1.4918024242020635
112,Rhydon,Ground,Rock,485,105,130,120,45,45,40,1,False,1,0.7525370252599726,1.7117672158118964
113,Chansey,Normal,,450,250,5,5,35,105,50,1,False,1,0.6605786502054616,0.30671851057590893
114,Tangela,Grass,,435,65,55,115,100,40,60,1,False,1,-0.11625643734980315,0.48599787264663524
115,Kangaskhan,Normal,,490,105,95,80,40,80,90,1,False,1,0.8840462436809658,0.11566510358233818
115,KangaskhanMega Kangaskhan,Normal,,590,105,125,100,60,100,100,1,False,2,2.479566972371063,0.26678934108551966
116,Horsea,Water,,295,30,40,70,70,25,60,1,False,0,-2.3636812304991035,-0.38739856837186354
117,Seadra,Water,,440,55,65,95,95,45,85,1,False,1,-0.0488289137239567,-0.44030327532209085
118,Goldeen,Water,,320,45,67,60,35,50,63,1,False,0,-1.8935185622354294,-0.07468022234680148
119,Seaking,Water,,450,80,92,65,65,80,68,1,False,1,0.2803307475030905,0.00274013271471992
120,Staryu,Water,,340,30,45,55,70,55,85,1,False,0,-1.6008690434979362,-1.0070074306535546
121,Starmie,Water,Psychic,520,60,75,85,100,85,115,1,False,1,1.2849076953153438,-1.018509035595048
122,Mr. Mime,Psychic,Fairy,460,40,45,65,100,120,90,1,False,1,0.4441799222268571,-0.6017910773157971
123,Scyther,Bug,Flying,500,70,110,80,55,80,105,1,False,1,0.9797587996744673,-0.49249604091600796
124,Jynx,Ice,Psychic,455,65,50,35,115,95,95,1,False,1,0.38943068641223744,-1.595324693743418
125,Electabuzz,Electric,,490,65,83,57,95,85,105,1,False,1,0.8716152080932303,-1.2930760669980326
126,Magmar,Fire,,495,65,95,57,100,85,93,1,False,1,0.9724930776192199,-1.0675713954855168
127,Pinsir,Bug,,500,65,125,100,55,70,85,1,False,1,0.9539347617919843,0.262643628654516
127,PinsirMega Pinsir,Bug,Flying,600,65,155,120,65,90,105,1,False,2,2.530395356888837,0.27668376486967206
128,Tauros,Normal,,490,75,100,95,40,70,110,1,False,1,0.7697107035268501,-0.23159350541766158
129,Magikarp,Water,,200,20,10,55,15,20,80,1,False,0,-3.9282293975098073,-0.7063318718042618
130,Gyarados,Water,Flying,540,95,125,79,60,100,81,1,False,1,1.7326725784559496,0.24589947658168446
130,GyaradosMega Gyarados,Water,Dark,640,95,155,109,70,130,81,1,False,2,3.345804332966124,1.0084780106474867
131,Lapras,Water,Ice,535,130,85,80,85,95,60,1,False,1,1.7259505340401926,0.6056713439738248
132,Ditto,Normal,,288,48,48,48,48,48,48,1,False,0,-2.3579305038134732,-0.09349607673584608
133,Eevee,Normal,,325,55,55,50,45,65,55,1,False,0,-1.7391079600204709,-0.01756673331297525
134,Vaporeon,Water,,525,130,65,60,110,95,65,1,False,1,1.5969263161419431,-0.13867932542011255
135,Jolteon,Electric,,525,65,65,60,110,95,130,1,False,1,1.4095821553181955,-1.8541953576337868
136,Flareon,Fire,,525,65,130,60,95,110,65,1,False,1,1.5417510106048913,-0.11171740180502286
137,Porygon,Normal,,395,65,60,70,85,75,40,1,False,1,-0.5844037753547447,0.4784253757942306
138,Omanyte,Rock,Water,355,35,40,100,90,55,35,1,False,0,-1.3400927597646548,0.8843288705880118
139,Omastar,Rock,Water,495,70,60,125,115,70,55,1,False,1,0.905455867364974,0.9387112618861895
140,Kabuto,Rock,Water,355,30,80,90,55,45,55,1,False,0,-1.3925715880655325,0.43058061854800245
141,Kabutops,Rock,Water,495,60,115,105,65,70,80,1,False,1,0.8706292815661014,0.3720773029866034
142,Aerodactyl,Rock,Flying,515,80,105,65,60,75,130,1,False,1,1.2066169707478371,-1.4245159410423491
142,AerodactylMega Aerodactyl,Rock,Flying,615,80,135,85,70,95,150,1,False,2,2.7830775658446893,-1.4104758048271935
143,Snorlax,Normal,,540,160,110,65,65,110,30,1,False,1,1.9411128552309413,1.4019922405840255
144,Articuno,Ice,Flying,580,90,85,100,95,125,85,1,True,2,2.385262990920265,0.4657592144463207
145,Zapdos,Electric,Flying,580,90,90,85,125,90,100,1,True,2,2.3227689049721496,-0.7657640570836897
146,Moltres,Fire,Flying,580,90,100,90,125,85,90,1,True,2,2.32101696487168,-0.4815012339622739
147,Dratini,Dragon,,300,41,64,45,50,50,50,1,False,0,-2.168753071633232,-0.23045189628467277
148,Dragonair,Dragon,,420,61,84,65,70,70,70,1,False,1,-0.24490191242437842,-0.23811963291233504
149,Dragonite,Dragon,Flying,600,91,134,95,100,100,80,1,False,2,2.673531770380368,0.20365239815990646
150,Mewtwo,Psychic,,680,106,110,90,154,90,130,1,True,2,3.892016032620247,-1.576749270641528
150,MewtwoMega Mewtwo X,Psychic,Fighting,780,106,190,100,154,100,130,1,True,2,5.4943876946891965,-1.3151475435307065
150,MewtwoMega Mewtwo Y,Psychic,,780,106,150,70,194,120,140,1,True,2,5.577380821853596,-2.335757634904137
151,Mew,Psychic,,600,100,100,100,100,100,100,1,False,2,2.6440825101295466,-0.11343219196776821
152,Chikorita,Grass,,318,45,49,65,49,65,45,2,False,0,-1.8701755078214786,0.4462042640760662
153,Bayleef,Grass,,405,60,62,80,63,80,60,2,False,1,-0.4755110279740018,0.4504186243189863
154,Meganium,Grass,,525,80,82,100,83,100,80,2,False,1,1.448340131234852,0.4427508876913241
155,Cyndaquil,Fire,,309,39,52,43,60,50,65,2,False,0,-2.045946028272534,-0.7114989354278891
156,Quilava,Fire,,405,58,64,58,80,65,80,2,False,1,-0.5007928986312989,-0.7491303881773741
157,Typhlosion,Fire,,534,78,84,78,109,85,100,2,False,1,1.5693689262135526,-0.8404252429773422
158,Totodile,Water,,314,50,65,64,44,48,43,2,False,0,-1.9585045420242984,0.3827621926612712
159,Croconaw,Water,,405,65,80,80,59,63,58,2,False,1,-0.5012399285897148,0.39720059844656397
160,Feraligatr,Water,,530,85,105,100,79,83,78,2,False,1,1.5025291029514938,0.387849710082597
161,Sentret,Normal,,215,35,46,34,35,45,20,2,False,0,-3.4823283267276133,0.3192405645467385
162,Furret,Normal,,415,85,76,64,45,55,90,2,False,1,-0.3628449361920595,-0.5318707867163325
163,Hoothoot,Normal,Flying,262,60,30,30,36,56,50,2,False,0,-2.7200527166076336,-0.2753213149693611
164,Noctowl,Normal,Flying,442,100,50,50,76,96,70,2,False,1,0.23343868658383188,-0.2277021034413041
165,Ledyba,Bug,Flying,265,40,20,30,40,80,55,2,False,0,-2.655950930215039,-0.2840328505939772
166,Ledian,Bug,Flying,390,55,35,50,55,110,85,2,False,1,-0.656035534957456,-0.40388218550679317
167,Spinarak,Bug,Poison,250,40,60,40,40,40,30,2,False,0,-2.951306750836571,0.13284153244947747
168,Ariados,Bug,Poison,390,70,90,70,60,60,40,2,False,1,-0.6950352280953052,0.5876251183270893
169,Crobat,Poison,Flying,535,85,90,80,70,80,130,2,False,1,1.5212007782966877,-1.1492661350496398
170,Chinchou,Water,Electric,330,75,38,38,56,56,67,2,False,0,-1.6495828157047503,-0.6424604056901267
171,Lanturn,Water,Electric,460,125,58,58,76,76,67,2,False,1,0.5042421519378856,-0.08835463354480066
172,Pichu,Electric,,205,20,40,15,35,35,60,2,False,0,-3.7157667607391685,-1.1198708013906677
173,Cleffa,Fairy,,218,50,25,28,45,55,15,2,False,0,-3.3750096434057246,0.36478079808958447
174,Igglybuff,Normal,Fairy,210,90,30,15,40,20,15,2,False,0,-3.5036802671902065,-0.020453116287005857
175,Togepi,Fairy,,245,35,20,65,40,65,20,2,False,0,-3.0111074659148205,1.0806790440796172
176,Togetic,Fairy,Flying,405,55,40,85,80,105,40,2,False,1,-0.4022749652378442,1.0604534117316506
177,Natu,Psychic,Flying,320,40,50,45,70,45,70,2,False,0,-1.8875683336630766,-0.9182956331243257
178,Xatu,Psychic,Flying,470,65,75,70,95,70,95,2,False,1,0.5172456153479899,-0.9278803039089034
179,Mareep,Electric,,280,55,40,40,65,45,35,2,False,0,-2.444350279054164,-0.11352130275100342
180,Flaaffy,Electric,,365,70,55,55,80,60,45,2,False,0,-1.0732155459820119,-0.0042705444820119575
181,Ampharos,Electric,,510,90,75,85,115,90,55,2,False,1,1.2746651547024705,0.3672184649743191
181,AmpharosMega Ampharos,Electric,Dragon,610,90,95,105,165,110,45,2,False,2,2.9110378121765654,0.7029581883347094
182,Bellossom,Grass,,490,75,80,95,90,100,50,2,False,1,0.941602402910195,0.9504829464410561
183,Marill,Water,Fairy,250,70,20,50,20,50,40,2,False,0,-2.931603210827862,0.4924410859490679
184,Azumarill,Water,Fairy,420,100,50,80,60,80,50,2,False,1,-0.17027361109031475,0.8480267037750759
185,Sudowoodo,Rock,,410,70,100,115,30,65,30,2,False,1,-0.42951636139285626,2.0448534045957354
186,Politoed,Water,,500,90,75,75,90,100,70,2,False,1,1.1196683722427916,0.13925932300463634
187,Hoppip,Grass,Flying,250,35,35,40,35,55,50,2,False,0,-2.961445099212364,-0.15929054420428523
188,Skiploom,Grass,Flying,340,55,45,50,45,65,80,2,False,0,-1.5401755230127387,-0.5892082335390574
189,Jumpluff,Grass,Flying,460,75,55,70,55,95,110,2,False,1,0.3847030224100026,-0.6439536956508375
190,Aipom,Normal,,360,55,70,55,40,55,85,2,False,0,-1.2581582724797098,-0.6518600739156939
191,Sunkern,Grass,,180,30,30,30,30,30,30,2,False,0,-4.089396547101441,-0.08659511377095014
192,Sunflora,Grass,,425,75,75,55,105,85,30,2,False,1,-0.02641356319228308,0.3352653721106101
193,Yanma,Bug,Flying,390,65,65,45,75,45,95,2,False,0,-0.7769392037193482,-1.4600063472826268
194,Wooper,Water,Ground,210,55,45,45,25,25,15,2,False,0,-3.5896818859126074,0.6441437658550491
195,Quagsire,Water,Ground,430,95,85,85,65,65,35,2,False,1,-0.028994112832852813,1.0888145355586771
196,Espeon,Psychic,,525,65,65,60,130,95,110,2,False,1,1.4477024225046828,-1.5800271550577358
197,Umbreon,Dark,,525,95,65,110,60,130,65,2,False,1,1.5294798324790995,1.51988796471562
198,Murkrow,Dark,Flying,405,60,85,42,85,42,91,2,False,1,-0.535373654249305,-1.571177583264019
199,Slowking,Water,Psychic,490,95,75,80,100,110,30,2,False,1,1.0461758980692863,1.170900113311593
200,Misdreavus,Ghost,,435,60,60,60,85,85,85,2,False,1,0.011375050219433074,-0.6888018920615151
201,Unown,Psychic,,336,48,72,48,72,48,48,2,False,0,-1.5841629415888414,-0.32458085352959
202,Wobbuffet,Psychic,,405,190,33,58,33,58,33,2,False,1,-0.2860322266031743,1.1661671373909204
203,Girafarig,Normal,Psychic,455,70,80,65,90,65,85,2,False,1,0.2966943851332431,-0.7804056905468469
204,Pineco,Bug,,290,50,65,90,35,35,15,2,False,0,-2.366753470220294,1.5226853716024489
205,Forretress,Bug,Steel,465,75,90,140,60,60,40,2,False,1,0.3974665794893601,2.017830907218857
206,Dunsparce,Normal,,415,100,70,70,65,65,45,2,False,1,-0.2547193919514697,0.5779839564165282
207,Gligar,Ground,Flying,430,65,75,105,35,65,85,2,False,1,-0.1884591861522066,0.5229391915150108
208,Steelix,Steel,Ground,510,75,85,200,55,65,30,2,False,1,1.045294005269447,3.550649222058381
208,SteelixMega Steelix,Steel,Ground,610,75,125,230,55,95,30,2,False,2,2.6556940981821113,4.402780472843024
209,Snubbull,Fairy,,300,60,80,50,40,40,30,2,False,0,-2.143213918713227,0.39584585194067795
210,Granbull,Fairy,,450,90,120,75,60,60,45,2,False,1,0.2727657648875191,0.631315532325745
211,Qwilfish,Water,Poison,430,65,95,75,55,55,85,2,False,1,-0.1548634696084919,-0.3619477758255918
212,Scizor,Bug,Steel,500,70,130,100,55,80,65,2,False,1,1.0129260788868495,0.8245680031774694
212,ScizorMega Scizor,Bug,Steel,600,70,150,140,65,100,75,2,False,2,2.573568537208886,1.4757617294654997
213,Shuckle,Bug,Rock,505,20,10,230,10,230,5,2,False,1,1.2084136131405236,6.417704013151716
214,Heracross,Bug,Fighting,500,80,125,75,40,95,85,2,False,1,1.0589798897655376,0.16477576627597101
214,HeracrossMega Heracross,Bug,Fighting,600,80,185,115,40,105,75,2,False,2,2.629460110674397,1.2687894694926707
215,Sneasel,Dark,Ice,430,55,95,55,35,75,115,2,False,1,-0.14948426699843484,-1.1305455422773223
216,Teddiursa,Normal,,330,60,80,50,50,50,40,2,False,0,-1.6572159753101896,0.1595637826010494
217,Ursaring,Normal,,500,90,130,75,75,75,55,2,False,1,1.0898447883222966,0.38852768558343137
218,Slugma,Fire,,250,40,40,40,70,40,20,2,False,0,-2.9267832940483056,0.09082020029981859
219,Magcargo,Fire,Rock,410,50,50,120,80,80,30,2,False,1,-0.4187508390723152,1.7601511269026455
220,Swinub,Ice,Ground,250,50,50,40,30,30,50,2,False,0,-2.994289169640144,-0.28359703723870244
221,Piloswine,Ice,Ground,450,100,100,80,60,60,50,2,False,1,0.269058583289551,0.6579150417494339
222,Corsola,Water,Rock,380,55,55,85,65,85,35,2,False,0,-0.8379726229122807,1.1365039028870543
223,Remoraid,Water,,300,35,65,35,65,35,65,2,False,0,-2.2107024865115092,-1.0673773833584748
224,Octillery,Water,,480,75,105,75,105,75,45,2,False,1,0.7759561958923391,0.29730587226305916
225,Delibird,Ice,Flying,330,45,55,45,65,45,75,2,False,0,-1.7310158024987212,-0.9715596245356374
226,Mantine,Water,Flying,465,65,40,70,80,140,70,2,False,1,0.6146640692586212,0.40476859855018693
227,Skarmory,Steel,Flying,465,65,80,140,40,70,70,2,False,1,0.350611653521735,1.569743537029226
228,Houndour,Dark,Fire,330,45,60,30,80,50,65,2,False,0,-1.676436121625244,-1.1421362727545843
229,Houndoom,Dark,Fire,500,75,90,50,110,80,95,2,False,1,1.0655781769086012,-1.3555299602564723
229,HoundoomMega Houndoom,Dark,Fire,600,75,90,90,140,90,115,2,False,2,2.595267966622794,-1.2000848612169013
230,Kingdra,Water,Dragon,540,75,95,95,95,95,85,2,False,1,1.6749535451438666,0.05064301979260023
231,Phanpy,Ground,,330,90,60,60,40,40,40,2,False,0,-1.658627341322499,0.47623468578084965
232,Donphan,Ground,,500,90,120,120,60,60,50,2,False,1,0.9914503824794633,1.4248283431077828
233,Porygon2,Normal,,515,85,80,90,105,95,60,2,False,1,1.3394473838541088,0.4707576391665682
234,Stantler,Normal,,465,73,95,62,85,65,85,2,False,1,0.46373440229254037,-0.7893865338467497
235,Smeargle,Normal,,250,55,20,35,20,45,75,2,False,0,-2.993427226027385,-0.709611632142359
236,Tyrogue,Fighting,,210,35,35,35,35,35,35,2,False,0,-3.6084337572992267,-0.08851204792786556
237,Hitmontop,Fighting,,455,50,95,95,35,110,70,2,False,1,0.32334946713172874,0.9983158768124396
238,Smoochum,Ice,Psychic,305,45,30,15,85,65,65,2,False,0,-2.020418416199654,-1.3513748877761265
239,Elekid,Electric,,360,45,63,37,65,55,95,2,False,0,-1.2512193491807073,-1.509132503989694
240,Magby,Fire,,365,45,75,37,70,55,83,2,False,0,-1.1503414796547184,-1.2836278324771786
241,Miltank,Normal,,490,95,80,105,40,70,100,2,False,1,0.7949532843223793,0.27487914944345104
242,Blissey,Normal,,540,255,10,10,75,135,55,2,False,1,2.160335523105048,0.19618518657716158
243,Raikou,Electric,,580,90,85,75,115,100,115,2,True,2,2.331705359573445,-1.1314185776042445
244,Entei,Fire,,580,115,115,85,90,75,100,2,True,2,2.314311076151505,-0.4941172987470515
245,Suicune,Water,,580,100,75,115,90,115,85,2,True,2,2.3521933903290013,0.7657055014619599
246,Larvitar,Rock,Ground,300,50,64,50,45,50,41,2,False,0,-2.152215593895183,0.15448664416698965
247,Pupitar,Rock,Ground,410,70,84,70,65,70,51,2,False,1,-0.3718717073553058,0.3768220290188037
248,Tyranitar,Rock,Dark,600,100,134,110,95,100,61,2,False,2,2.6903244157288753,1.0204861426514398
248,TyranitarMega Tyranitar,Rock,Dark,700,100,164,150,95,120,71,2,False,2,4.2482352124534,1.7612325856583126
249,Lugia,Psychic,Flying,680,106,90,130,90,154,110,2,True,2,3.9714572516121844,0.8467361016498196
250,Ho-oh,Fire,Flying,680,106,130,90,110,154,90,2,True,2,4.073870736339772,0.29987076009385644
251,Celebi,Psychic,Grass,600,100,100,100,100,100,100,2,False,2,2.6440825101295466,-0.11343219196776821
252,Treecko,Grass,,310,40,45,35,65,55,70,3,False,0,-2.0126090849341347,-0.9854049815213921
253,Grovyle,Grass,,405,50,65,45,85,65,95,3,False,1,-0.5130194453993145,-1.4305288557184972
254,Sceptile,Grass,,530,70,85,65,105,85,120,3,False,1,1.4825853501440274,-1.553198153085898
254,SceptileMega Sceptile,Grass,Dragon,630,70,110,75,145,85,145,3,False,2,3.034974958806558,-2.306405713671521
255,Torchic,Fire,,310,45,60,40,70,50,45,3,False,0,-1.9822556329459833,-0.3873189270437856
256,Combusken,Fire,Fighting,405,60,85,60,85,60,55,3,False,1,-0.46936556730532447,-0.22380846713285507
257,Blaziken,Fire,Fighting,530,80,120,70,110,70,80,3,False,1,1.5235908436149164,-0.6865188846965882
257,BlazikenMega Blaziken,Fire,Fighting,630,80,160,80,130,80,100,3,False,2,3.098768884887423,-1.0572962270371857
258,Mudkip,Water,,310,50,70,50,50,50,40,3,False,0,-1.9893811712321456,0.12900766413564638
259,Marshtomp,Water,Ground,405,70,85,70,60,70,50,3,False,1,-0.45152256328684254,0.4459452209152161
260,Swampert,Water,Ground,535,100,110,90,85,90,60,3,False,1,1.6623523499737443,0.6540603658730119
260,SwampertMega Swampert,Water,Ground,635,100,150,110,95,110,70,3,False,2,3.2551414170663295,0.8947373200950355
261,Poochyena,Dark,,220,35,55,35,30,30,35,3,False,0,-3.460007603336838,-0.09210518094300726
262,Mightyena,Dark,,420,70,90,70,60,60,70,3,False,1,-0.26451341008837553,-0.10238424611134016
263,Zigzagoon,Normal,,240,38,30,41,30,41,60,3,False,0,-3.1649568928623117,-0.43208117027810683
264,Linoone,Normal,,420,78,70,61,50,61,100,3,False,1,-0.2897607964715959,-0.8386429129339164
265,Wurmple,Bug,,195,45,45,35,20,30,20,3,False,0,-3.825342212009988,0.383107246878279
266,Silcoon,Bug,,205,50,35,55,25,25,15,3,False,0,-3.6919199159265044,0.8324409409190467
267,Beautifly,Bug,Flying,395,60,70,50,100,50,65,3,False,0,-0.6454465069913573,-0.8766728185822883
268,Cascoon,Bug,,205,50,35,55,25,25,15,3,False,0,-3.6919199159265044,0.8324409409190467
269,Dustox,Bug,Poison,385,60,50,70,50,90,65,3,False,1,-0.7707370891856444,0.3449993437661694
270,Lotad,Water,Grass,220,40,30,30,40,50,30,3,False,0,-3.3946531606382937,0.027688432638208416
271,Lombre,Water,Grass,340,60,50,50,60,70,50,3,False,0,-1.47080200142944,0.020020696010546162
272,Ludicolo,Water,Grass,480,80,70,70,90,100,70,3,False,1,0.7955398285134744,0.006074011522731629
273,Seedot,Grass,,220,40,40,50,30,30,30,3,False,0,-3.469706470620617,0.3477451698152422
274,Nuzleaf,Grass,Dark,340,70,70,40,60,40,60,3,False,0,-1.5188260218687564,-0.6446049100304274
275,Shiftry,Grass,Dark,480,90,100,60,90,60,80,3,False,1,0.7274282882670261,-0.7485579703221498
276,Taillow,Normal,Flying,270,40,55,30,30,30,85,3,False,0,-2.728187734503051,-1.326105618651581
277,Swellow,Normal,Flying,430,60,85,60,50,50,125,3,False,1,-0.21372384501210043,-1.5952538191504106
278,Wingull,Water,Flying,270,40,30,30,55,30,85,3,False,0,-2.7213585805092744,-1.5499874104486862
279,Pelipper,Water,Flying,430,60,50,100,85,70,65,3,False,1,-0.13031037537325219,0.4521788761146767
280,Ralts,Psychic,Fairy,198,28,25,25,45,35,40,3,False,0,-3.798341515526735,-0.5187041033034488
281,Kirlia,Psychic,Fairy,278,38,35,35,65,55,50,3,False,0,-2.493925265188247,-0.5288169194774323
282,Gardevoir,Psychic,Fairy,518,68,65,65,125,115,80,3,False,1,1.4193234858272161,-0.5591553679993825
282,GardevoirMega Gardevoir,Psychic,Fairy,618,68,85,65,165,135,100,3,False,2,3.0361256744871494,-1.2242901540067601
283,Surskit,Bug,Water,269,40,30,32,50,52,65,3,False,0,-2.6650731590844012,-0.8125350817530715
284,Masquerain,Bug,Flying,414,70,60,62,80,82,60,3,False,1,-0.28157187461253824,-0.019025761516397382
285,Shroomish,Grass,,295,60,40,60,40,60,35,3,False,0,-2.20719429181446,0.6694817323143677
286,Breloom,Grass,Fighting,460,60,130,80,60,60,70,3,False,1,0.34626255759265173,0.05212020062060689
287,Slakoth,Normal,,280,60,60,60,35,35,30,3,False,0,-2.4903683031302424,0.6076100153763665
288,Vigoroth,Normal,,440,80,80,80,55,55,90,3,False,1,0.007511946754517152,-0.32007020716920165
289,Slaking,Normal,,670,150,160,100,95,65,100,3,False,2,3.753729105621478,-0.22079864617718267
290,Nincada,Bug,Ground,266,31,45,90,30,30,40,3,False,0,-2.8263280706330676,0.8930970470968288
291,Ninjask,Bug,Flying,456,61,90,45,50,50,160,3,False,1,0.1700587663682445,-2.701393777711673
292,Shedinja,Bug,Ghost,236,1,90,45,30,30,40,3,False,0,-3.2709865546710666,-0.13233295586572252
293,Whismur,Normal,,240,64,51,23,51,23,28,3,False,0,-3.081711243739943,-0.3294299430045255
294,Loudred,Normal,,360,84,71,43,71,43,48,3,False,0,-1.1578600845310896,-0.3370976796321881
295,Exploud,Normal,,490,104,91,63,91,73,68,3,False,1,0.9459143391496048,-0.25812534392855163
296,Makuhita,Fighting,,237,72,60,30,20,30,25,3,False,0,-3.120426660423591,0.25370072888206224
297,Hariyama,Fighting,,474,144,120,60,40,60,50,3,False,1,0.73431996506754,0.5824949665935812
298,Azurill,Normal,Fairy,190,50,20,40,20,40,20,3,False,0,-3.8869623634315813,0.5960703301403035
299,Nosepass,Rock,,375,30,45,135,45,90,30,3,False,0,-1.0167466109459375,2.408684201604896
300,Skitty,Normal,,260,50,45,45,35,35,50,3,False,0,-2.8310804864657504,-0.18410731815227674
301,Delcatty,Normal,,380,70,65,65,55,55,70,3,False,0,-0.9072293272568972,-0.19177505477993903
302,Sableye,Dark,Ghost,380,50,75,75,65,65,50,3,False,0,-0.8928139194311359,0.3926331755306236
302,SableyeMega Sableye,Dark,Ghost,480,50,85,125,85,115,20,3,False,1,0.7800633435074618,2.336098970572009
303,Mawile,Steel,Fairy,380,50,85,85,55,55,50,3,False,0,-0.9317064052210521,0.5974379024785615
303,MawileMega Mawile,Steel,Fairy,480,50,105,125,55,95,50,3,False,1,0.6827079031134687,1.7448339151001175
304,Aron,Steel,Rock,330,50,70,100,40,40,30,3,False,0,-1.7565669132380086,1.374750146277248
305,Lairon,Steel,Rock,430,60,90,140,50,50,40,3,False,1,-0.2035182681305688,1.9732262221719914
306,Aggron,Steel,Rock,530,70,110,180,60,60,50,3,False,1,1.3495303769768718,2.571702298066735
306,AggronMega Aggron,Steel,,630,70,140,230,60,80,50,3,False,2,2.9076963413118553,3.7443439451134797
307,Meditite,Fighting,Psychic,280,30,40,55,40,55,60,3,False,0,-2.527257316289393,-0.15155941464420578
308,Medicham,Fighting,Psychic,410,60,60,75,60,75,80,3,False,1,-0.431076705823294,-0.12530472933385609
308,MedichamMega Medicham,Fighting,Psychic,510,60,100,85,80,85,100,3,False,1,1.1441013354492124,-0.4960820716744536
309,Electrike,Electric,,295,40,45,40,65,40,65,3,False,0,-2.2823663978366677,-0.8994174879984044
310,Manectric,Electric,,475,70,75,60,105,60,105,3,False,1,0.5857993151565338,-1.5223733895025184
310,ManectricMega Manectric,Electric,,575,70,75,80,135,80,135,3,False,2,2.151394761452674,-1.9140755047319147
311,Plusle,Electric,,405,60,50,40,85,75,95,3,False,1,-0.47240156680700984,-1.4058629475204711
312,Minun,Electric,,405,60,40,50,75,85,95,3,False,1,-0.4711190129826637,-1.0210454689647173
313,Volbeat,Bug,,400,65,73,55,47,75,85,3,False,1,-0.5642343844958164,-0.5107107124908827
314,Illumise,Bug,,400,65,47,55,73,75,85,3,False,1,-0.5571320643422892,-0.7435477759598724
315,Roselia,Grass,Poison,400,50,60,45,100,80,65,3,False,1,-0.5097231296375073,-0.748254761333992
316,Gulpin,Poison,,302,70,43,53,43,53,40,3,False,0,-2.0929702522705416,0.35754448798923794
317,Swalot,Poison,,467,100,73,83,73,83,55,3,False,1,0.577545577539274,0.6910475652669593
318,Carvanha,Water,Dark,305,45,90,20,65,20,65,3,False,0,-2.1243122307194033,-1.4746689524395256
319,Sharpedo,Water,Dark,460,70,120,40,95,40,95,3,False,1,0.3516140777139792,-1.7916639232417184
319,SharpedoMega Sharpedo,Water,Dark,560,70,140,70,110,65,105,3,False,2,1.9397394311236102,-1.3455017534441585
320,Wailmer,Water,,400,130,70,35,70,35,60,3,False,1,-0.4841247604387028,-0.6782554760396541
321,Wailord,Water,,500,170,90,45,90,45,60,3,False,1,1.1736850511954127,-0.4466042807240332
322,Numel,Fire,Ground,305,60,60,40,65,45,35,3,False,0,-2.0385140640961223,-0.10329269872721535
323,Camerupt,Fire,Ground,460,70,100,70,105,75,40,3,False,1,0.4662387414571564,0.29608333248989877
323,CameruptMega Camerupt,Fire,Ground,560,70,120,100,145,105,20,3,False,2,2.120222424751329,1.2432773524129095
324,Torkoal,Fire,,470,70,85,140,85,70,20,3,False,1,0.5307112163178209,2.31690161279778
325,Spoink,Psychic,,330,60,25,35,70,80,60,3,False,0,-1.600037080107328,-0.5106837384881522
326,Grumpig,Psychic,,470,80,45,65,90,110,80,3,False,1,0.6474997838528002,-0.22981932022412097
327,Spinda,Normal,,360,60,60,60,60,60,60,3,False,0,-1.2036198082881604,-0.09809671871244335
328,Trapinch,Ground,,290,45,100,45,45,45,10,3,False,0,-2.2696870363803168,0.6941503398371219
329,Vibrava,Ground,Dragon,340,50,70,50,50,50,70,3,False,0,-1.5588593532252146,-0.561001700302783
330,Flygon,Ground,Dragon,520,80,100,80,80,80,100,3,False,1,1.3269173855880652,-0.5725033052442765
331,Cacnea,Grass,,335,50,85,40,85,40,35,3,False,0,-1.5760809734030734,-0.374788955895301
332,Cacturne,Grass,Dark,475,70,115,60,115,60,55,3,False,1,0.6701733367327091,-0.4787420161870233
333,Swablu,Normal,Flying,310,45,40,60,40,75,50,3,False,0,-1.9805426629891025,0.4035535256850835
334,Altaria,Dragon,Flying,490,75,70,90,70,105,80,3,False,1,0.9052340758241774,0.39205192074359013
334,AltariaMega Altaria,Dragon,Fairy,590,75,110,110,110,105,80,3,False,2,2.482371560090766,0.4106947912081394
335,Zangoose,Normal,,458,73,115,60,60,60,90,3,False,1,0.33002689200908986,-0.7625216037308067
336,Seviper,Poison,,458,73,100,60,100,60,65,3,False,1,0.3817747183884648,-0.5541404255890063
337,Lunatone,Rock,Psychic,440,70,55,65,95,85,70,3,False,1,0.12297434654279622,-0.300164615079238
338,Solrock,Rock,Psychic,440,70,95,85,55,65,70,3,False,1,0.03972605176794146,0.28855027225432217
339,Barboach,Water,Ground,288,50,48,43,46,41,60,3,False,0,-2.3815968728817003,-0.5057256259974315
340,Whiscash,Water,Ground,468,110,78,73,76,71,60,3,False,1,0.5906464016963849,0.2745493993135397
341,Corphish,Water,,308,43,80,65,50,35,35,3,False,0,-2.076170915070604,0.389775241389811
342,Crawdaunt,Water,Dark,468,63,120,85,90,55,55,3,False,1,0.4924865459921084,0.18953685743402882
343,Baltoy,Ground,Psychic,300,40,40,55,40,70,55,3,False,0,-2.156796604658874,0.12732467653049265
344,Claydol,Ground,Psychic,500,60,70,105,70,120,75,3,False,1,1.0605148197307348,0.8889680809138506
345,Lileep,Rock,Grass,355,66,41,77,61,87,23,3,False,0,-1.1884412580967434,1.3475170941504162
346,Cradily,Rock,Grass,495,86,81,97,81,107,43,3,False,1,1.0550813904415293,1.3331167505775359
347,Anorith,Rock,Bug,355,45,95,50,40,50,75,3,False,0,-1.3362484871197957,-0.6084612105015983
348,Armaldo,Rock,Bug,495,75,125,100,70,80,45,3,False,1,0.9760094962384946,1.163840078554556
349,Feebas,Water,,200,20,15,20,10,55,80,3,False,0,-3.803032343635141,-1.064937549246676
350,Milotic,Water,,540,95,60,79,100,125,81,3,False,1,1.7938180243638195,0.1127045492160853
351,Castform,Normal,,420,70,70,70,70,70,70,3,False,1,-0.24169422868373364,-0.10193058702627461
352,Kecleon,Normal,,440,60,90,70,60,120,40,3,False,1,0.21217490747849457,1.07354313037687
353,Shuppet,Ghost,,295,44,75,35,63,33,45,3,False,0,-2.2512829152000444,-0.5789514745558898
354,Banette,Ghost,,455,64,115,65,83,63,65,3,False,1,0.31592543808950374,-0.3048196632370765
354,BanetteMega Banette,Ghost,,555,64,165,75,93,83,75,3,False,2,1.9247878095673638,-0.26940109504805637
355,Duskull,Ghost,,295,20,40,90,30,90,25,3,False,0,-2.2315296615208116,1.722310650908328
356,Dusclops,Ghost,,455,40,70,130,60,130,25,3,False,1,0.37508151277956864,2.655428143358946
357,Tropius,Grass,Flying,460,99,68,83,72,87,51,3,False,1,0.4787044161761187,0.8252876543529175
358,Chimecho,Psychic,,425,65,50,70,95,80,65,3,False,1,-0.13294229984887215,-0.1428151084576532
359,Absol,Dark,,465,65,130,60,75,60,75,3,False,1,0.46050714839022344,-0.5890828445580913
359,AbsolMega Absol,Dark,,565,65,150,60,115,60,115,3,False,2,2.00447735344443,-1.887504018187019
360,Wynaut,Psychic,,260,95,23,48,23,48,23,3,False,0,-2.7127581418941857,0.8816604192316507
361,Snorunt,Ice,,300,50,50,50,50,50,50,3,False,0,-2.1655453878925868,-0.09426285039861224
362,Glalie,Ice,,480,80,80,80,80,80,80,3,False,1,0.7202313509206931,-0.10576445534010574
362,GlalieMega Glalie,Ice,,580,80,120,80,120,80,100,3,False,2,2.2968584999663646,-0.9509119929552987
363,Spheal,Ice,Water,290,70,40,50,55,50,25,3,False,0,-2.2582067085841375,0.505496590552986
364,Sealeo,Ice,Water,410,90,60,70,75,70,45,3,False,1,-0.33435554937528394,0.49782885392532356
365,Walrein,Ice,Water,530,110,80,90,95,90,65,3,False,1,1.5894956098335697,0.4901611172976612
366,Clamperl,Water,,345,35,64,85,74,55,32,3,False,0,-1.4752906648087492,0.7910829871633229
367,Huntail,Water,,485,55,104,105,94,75,52,3,False,1,0.768231983729523,0.7766826435904428
368,Gorebyss,Water,,485,55,84,105,114,75,52,3,False,1,0.7736953069245439,0.5975772101527586
369,Relicanth,Water,Rock,485,100,90,130,45,65,55,3,False,1,0.7458991991990931,1.7384387637371035
370,Luvdisc,Water,,330,43,30,55,40,65,97,3,False,0,-1.7521646009726293,-0.8684654397949455
371,Bagon,Dragon,,300,45,75,60,40,30,50,3,False,0,-2.2307722467859037,0.0018911380401075621
372,Shelgon,Dragon,,420,65,95,100,60,50,50,3,False,1,-0.30641075235613335,0.8580138094921871
373,Salamence,Dragon,Flying,600,95,135,80,110,80,100,3,False,2,2.6325388875870765,-0.8121587950657432
373,SalamenceMega Salamence,Dragon,Flying,700,95,145,130,120,90,120,3,False,2,4.140692049720973,-0.2723498765554843
374,Beldum,Steel,Psychic,300,40,55,80,35,60,30,3,False,0,-2.177612036238616,1.1618326691856833
375,Metang,Steel,Psychic,420,60,75,100,55,80,50,3,False,1,-0.2537608770297626,1.1541649325580212
376,Metagross,Steel,Psychic,600,80,135,130,95,90,70,3,False,2,2.598407249169963,1.062445951886117
376,MetagrossMega Metagross,Steel,Psychic,700,80,145,150,105,110,110,3,False,2,4.14221090027535,0.6232124520875376
377,Regirock,Rock,,580,80,100,200,50,100,50,3,True,1,2.2066746157534194,3.4522544981147916
378,Regice,Ice,,580,80,50,100,100,200,50,3,True,2,2.5819411656650333,1.8519708122296235
379,Registeel,Steel,,580,80,75,150,75,150,50,3,True,2,2.3943078907092277,2.6521126551722065
380,Latias,Dragon,Psychic,600,80,80,90,110,130,110,3,True,2,2.681834150352922,-0.4394384361359998
380,LatiasMega Latias,Dragon,Psychic,700,80,100,120,140,150,110,3,True,2,4.280341708250986,0.05402828868821036
381,Latios,Dragon,Psychic,600,80,90,80,130,110,110,3,True,2,2.663195738318956,-1.003815007214503
381,LatiosMega Latios,Dragon,Psychic,700,80,130,100,160,120,110,3,True,2,4.257689080795162,-0.8056130442272039
382,Kyogre,Water,,670,100,100,90,150,140,90,3,True,2,3.8893428863795987,-0.2033559646807464
382,KyogrePrimal Kyogre,Water,,770,100,150,90,180,160,90,3,True,2,5.536070357433487,-0.3256643979555465
383,Groudon,Ground,,670,100,150,140,100,90,90,3,True,2,3.694880457430015,0.820667670058943
383,GroudonPrimal Groudon,Ground,Fire,770,100,180,160,150,90,90,3,True,2,5.274749603294114,0.7497578238046501
384,Rayquaza,Dragon,Flying,680,105,150,90,150,90,95,3,True,2,3.9468236493070536,-0.7514281934710176
384,RayquazaMega Rayquaza,Dragon,Flying,780,105,180,100,180,100,115,3,True,2,5.524733352177071,-1.2117582525304569
385,Jirachi,Steel,Psychic,600,100,100,100,100,100,100,3,True,2,2.6440825101295466,-0.11343219196776821
386,DeoxysNormal Forme,Psychic,,600,50,150,50,150,50,150,3,True,2,2.4935588480664737,-3.3571473018339764
386,DeoxysAttack Forme,Psychic,,600,50,180,20,180,20,150,3,True,2,2.4897111865934356,-4.511599737501236
386,DeoxysDefense Forme,Psychic,,600,50,70,160,70,160,90,3,True,2,2.6138327569012074,1.9670077201639893
386,DeoxysSpeed Forme,Psychic,,600,50,95,90,95,90,180,3,True,2,2.4456061549803922,-2.3634587665533022
387,Turtwig,Grass,,318,55,68,64,45,55,31,4,False,0,-1.8543947944425239,0.7260734069766301
388,Grotle,Grass,,405,75,89,85,55,65,36,4,False,1,-0.45793539647678166,1.0895418783371136
389,Torterra,Grass,Ground,525,95,109,105,75,85,56,4,False,1,1.465915762732072,1.0818741417094508
390,Chimchar,Fire,,309,44,58,44,58,44,61,4,False,0,-2.047373960820282,-0.6177672890551076
391,Monferno,Fire,Fighting,405,64,78,52,78,52,81,4,False,1,-0.5119456473129587,-0.971673611552802
392,Infernape,Fire,Fighting,534,76,104,71,104,71,108,4,False,1,1.5355703618394125,-1.2541058804541134
393,Piplup,Water,,314,53,51,53,61,56,40,4,False,0,-1.9114634130625427,0.1559211132713083
394,Prinplup,Water,,405,64,66,68,81,76,50,4,False,1,-0.4380151251262579,0.24846342883501893
395,Empoleon,Water,Steel,530,84,86,88,111,101,60,4,False,1,1.59485779991176,0.4211998296610315
396,Starly,Normal,Flying,245,40,55,30,30,30,60,4,False,0,-3.086955916175492,-0.7510978149528897
397,Staravia,Normal,Flying,340,55,75,50,40,40,80,4,False,0,-1.5917601533293215,-0.7694478146894055
398,Staraptor,Normal,Flying,485,85,120,70,50,60,100,4,False,1,0.7414424125363301,-0.6586898678691275
399,Bidoof,Normal,,250,59,45,40,35,40,31,4,False,0,-2.930567386309082,0.2258027872883912
400,Bibarel,Normal,Water,410,79,85,60,55,60,71,4,False,1,-0.40003019243285665,-0.24860379924344175
401,Kricketot,Bug,,194,37,25,41,25,41,25,4,False,0,-3.8456668677929198,0.4176801745382894
402,Kricketune,Bug,,384,77,85,51,55,51,65,4,False,0,-0.8119175805618395,-0.3770653501458823
403,Shinx,Electric,,263,45,65,34,40,34,45,4,False,0,-2.764174666722894,-0.3700043834720517
404,Luxio,Electric,,363,60,85,49,60,49,60,4,False,0,-1.1600847218527897,-0.4238978477748285
405,Luxray,Electric,,523,80,120,79,95,79,70,4,False,1,1.4275495958287576,-0.0574582935274109
406,Budew,Grass,Poison,280,40,30,35,50,70,55,4,False,0,-2.4415898236202334,-0.366012205309139
407,Roserade,Grass,Poison,515,60,70,65,125,105,90,4,False,1,1.3249618053509102,-0.9046196510968716
408,Cranidos,Rock,,350,67,125,40,30,30,58,4,False,0,-1.3877551993823247,-0.43517869317223035
409,Rampardos,Rock,,495,97,165,60,65,50,58,4,False,1,0.9849334644685703,-0.09502890213532232
410,Shieldon,Rock,Steel,350,30,42,118,42,88,30,4,False,0,-1.3938483575934237,2.0770252438851835
411,Bastiodon,Rock,Steel,495,60,52,168,47,138,30,4,False,1,0.9826879677305085,3.5716274705893527
412,Burmy,Bug,,224,40,29,45,29,45,36,4,False,0,-3.3776744902085896,0.25175219998332204
413,WormadamPlant Cloak,Bug,Grass,424,60,59,85,79,105,36,4,False,1,-0.0860819744400865,1.172311796713635
413,WormadamSandy Cloak,Bug,Ground,424,60,79,105,59,85,36,4,False,1,-0.16386694601992008,1.5819212506095106
413,WormadamTrash Cloak,Bug,Steel,424,60,69,95,69,95,36,4,False,1,-0.12497446023000329,1.3771165236615732
414,Mothim,Bug,Flying,424,70,94,50,94,50,66,4,False,1,-0.17270098502924391,-0.8180784250116149
415,Combee,Bug,Flying,244,30,30,42,30,42,70,4,False,0,-3.126944610724004,-0.6603690138188236
416,Vespiquen,Bug,Flying,474,70,80,102,80,102,40,4,False,1,0.6859813594403478,1.415096349401514
417,Pachirisu,Electric,,405,60,45,70,45,90,95,4,False,1,-0.5014168466421801,-0.29686735884023
418,Buizel,Water,,330,55,65,35,60,30,85,4,False,0,-1.7502743740260958,-1.4563993085113278
419,Floatzel,Water,,495,85,105,55,85,50,115,4,False,1,0.8903687015695079,-1.7133398617213984
420,Cherubi,Grass,,275,45,35,45,62,53,35,4,False,0,-2.52954799280524,0.05237323224996091
421,Cherrim,Grass,,450,70,60,70,87,78,85,4,False,1,0.2340341378782685,-0.532219242233308
422,Shellos,Water,,325,76,48,48,57,62,34,4,False,0,-1.6781149861331777,0.36116005785336647
423,Gastrodon,Water,Ground,475,111,83,68,92,82,39,4,False,1,0.7725741673484728,0.6049526508558467
424,Ambipom,Normal,,482,75,100,66,60,66,115,4,False,1,0.6777187697866816,-1.152576174897966
425,Drifloon,Ghost,Flying,348,90,50,34,60,44,70,4,False,0,-1.3646194943936332,-0.8865098012923793
426,Drifblim,Ghost,Flying,498,150,80,44,90,54,80,4,False,1,1.103759643350879,-0.9133022072442715
427,Buneary,Normal,,350,55,66,44,44,56,85,4,False,0,-1.3972119657008997,-0.901098444186535
428,Lopunny,Normal,,480,65,76,84,54,96,105,4,False,1,0.6792780008263297,-0.26933896930476237
428,LopunnyMega Lopunny,Normal,Fighting,580,65,136,94,54,96,135,4,False,2,2.21257672710095,-0.777654072018451
429,Mismagius,Ghost,,495,60,60,60,105,105,105,4,False,1,0.9833709370255078,-1.1613660307407727
430,Honchkrow,Dark,Flying,505,100,125,52,105,52,71,4,False,1,1.1550931013762762,-0.8862527519346626
431,Glameow,Normal,,310,49,55,42,42,37,85,4,False,0,-2.079549127391256,-1.104159713432729
432,Purugly,Normal,,452,71,82,64,64,59,112,4,False,1,0.188358656405326,-1.2292789361992
433,Chingling,Psychic,,285,45,30,50,65,50,45,4,False,0,-2.3992841297917864,-0.1288684239698387
434,Stunky,Poison,Dark,329,63,63,47,41,41,74,4,False,0,-1.7406835145329875,-0.6614639596383132
435,Skuntank,Poison,Dark,479,103,93,67,71,61,84,4,False,1,0.7067224254483095,-0.4675690545745355
436,Bronzor,Steel,Psychic,300,57,24,86,24,86,23,4,False,0,-2.1053640635241773,1.8395488720892348
437,Bronzong,Steel,Psychic,500,67,89,116,79,116,33,4,False,1,1.114582849418693,1.9761290535979115
438,Bonsly,Rock,,290,50,80,95,10,45,10,4,False,0,-2.35336752060171,2.0525211412233975
439,Mime Jr.,Psychic,Fairy,310,20,25,45,70,90,60,4,False,0,-1.9656691803850337,-0.3578412713485061
440,Happiny,Normal,,220,100,5,5,15,65,30,4,False,0,-3.256205534402972,0.09716617552239103
441,Chatot,Normal,Flying,411,76,65,45,92,42,91,4,False,1,-0.42239210509974723,-1.5146447905838794
442,Spiritomb,Ghost,Dark,485,50,92,108,92,108,35,4,False,1,0.8506640245544497,1.5198299708033722
443,Gible,Dragon,Ground,300,58,70,45,40,45,42,4,False,0,-2.1472264143304116,0.05879792013576488
444,Gabite,Dragon,Ground,410,68,90,65,50,55,82,4,False,1,-0.45118083177491086,-0.4365195335287098
445,Garchomp,Dragon,Ground,600,108,130,95,80,85,102,4,False,2,2.6232538302913473,-0.1874618985253243
445,GarchompMega Garchomp,Dragon,Ground,700,108,170,115,120,95,92,4,False,2,4.236807306360801,0.14782416575000057
446,Munchlax,Normal,,390,135,85,40,40,85,5,4,False,1,-0.46370109378012603,1.4115769113686036
447,Riolu,Fighting,,285,40,70,40,35,40,60,4,False,0,-2.442232891296042,-0.5140746253658351
448,Lucario,Fighting,Steel,525,70,110,70,115,70,90,4,False,1,1.4162166234930482,-0.993537634737193
448,LucarioMega Lucario,Fighting,Steel,625,70,145,88,140,70,112,4,False,2,2.9565486378498123,-1.38021836601609
449,Hippopotas,Ground,,330,68,72,78,38,42,32,4,False,0,-1.6985114944810618,0.9808858576469343
450,Hippowdon,Ground,,525,108,112,118,68,72,47,4,False,1,1.4479319715301426,1.5468371359504534
451,Skorupi,Poison,Bug,330,40,50,90,30,55,65,4,False,0,-1.7827373493171488,0.563536452234291
452,Drapion,Poison,Dark,500,70,90,110,60,75,95,4,False,1,0.9391894294095655,0.2601363889284953
453,Croagunk,Poison,Fighting,300,48,61,40,61,40,50,4,False,0,-2.1690535168756897,-0.49549334570837394
454,Toxicroak,Poison,Fighting,490,83,106,65,86,65,85,4,False,1,0.8712686453910186,-0.7078913229796345
455,Carnivine,Grass,,454,74,100,72,90,72,46,4,False,1,0.35219928488244456,0.32541535347728345
456,Finneon,Water,,330,49,49,56,49,61,66,4,False,0,-1.7012339567539565,-0.2395922254925043
457,Lumineon,Water,,460,69,69,76,69,86,91,4,False,1,0.38433247102530554,-0.3189414866942554
458,Mantyke,Water,Flying,345,45,20,50,60,120,50,4,False,0,-1.3091870899502318,0.4124363351778493
459,Snover,Grass,Ice,334,60,62,50,62,60,40,4,False,0,-1.569916163720162,0.14076037695330287
460,Abomasnow,Grass,Ice,494,90,92,75,92,85,60,4,False,1,1.0105104500485038,0.21499581604543908
460,AbomasnowMega Abomasnow,Grass,Ice,594,90,132,105,132,105,30,4,False,2,2.6607350855312792,1.2988202781714098
461,Weavile,Dark,Ice,510,70,120,65,45,85,125,4,False,1,1.138359655231678,-1.1224676548310617
462,Magnezone,Electric,Steel,535,70,70,115,130,90,60,4,False,1,1.596980446421748,0.6523529294888689
463,Lickilicky,Normal,,515,110,85,95,80,95,50,4,False,1,1.3721443161447673,1.1171272555135947
464,Rhyperior,Ground,Rock,535,115,140,130,55,55,40,4,False,1,1.5709553321954237,1.9379364689775418
465,Tangrowth,Grass,,535,100,100,125,110,50,50,4,False,1,1.5489033313862661,1.0151942399826555
466,Electivire,Electric,,540,75,123,67,95,85,95,4,False,2,1.6835428056197717,-0.8407236549105849
467,Magmortar,Fire,,540,75,95,67,125,95,83,4,False,2,1.731419476614314,-0.7474112476549626
468,Togekiss,Fairy,Flying,545,85,50,95,120,115,80,4,False,1,1.8225335536746625,0.15569796228106045
469,Yanmega,Bug,Flying,515,86,76,86,116,56,95,4,False,1,1.2146399247918567,-0.8503785597555739
470,Leafeon,Grass,,525,65,110,130,60,65,95,4,False,1,1.2802978091973904,0.553586663803762
471,Glaceon,Ice,,525,65,60,110,130,95,65,4,False,1,1.4408140245591077,0.46613045613818593
472,Gliscor,Ground,Flying,510,75,95,125,45,75,95,4,False,1,1.077064578396365,0.7176311022889654
473,Mamoswine,Ice,Ground,530,110,130,80,70,60,80,4,False,1,1.5139844928100747,-0.10118983136026143
474,Porygon-Z,Normal,,535,85,80,70,135,75,90,4,False,2,1.610300011145148,-1.075073095629601
475,Gallade,Psychic,Fighting,518,68,125,65,65,115,80,4,False,1,1.4029335162421523,-0.02183906768632951
475,GalladeMega Gallade,Psychic,Fighting,618,68,165,95,65,115,110,4,False,2,2.904085633746224,-0.11963739833401077
476,Probopass,Rock,Steel,525,60,55,145,75,150,40,4,False,1,1.5145890060566236,2.7200574984406813
477,Dusknoir,Ghost,,525,45,100,135,65,135,45,4,False,1,1.4708945732470202,2.300090768301293
478,Froslass,Ice,Ghost,480,70,80,70,80,70,110,4,False,1,0.6547380129191018,-1.1182283966082402
479,Rotom,Electric,Ghost,440,50,50,77,95,77,91,4,False,1,0.02833916105865077,-0.6763744211184234
479,RotomHeat Rotom,Electric,Fire,520,50,65,107,105,107,86,4,False,1,1.329963662237273,0.20625512889603073
479,RotomWash Rotom,Electric,Water,520,50,65,107,105,107,86,4,False,1,1.329963662237273,0.20625512889603073
479,RotomFrost Rotom,Electric,Ice,520,50,65,107,105,107,86,4,False,1,1.329963662237273,0.20625512889603073
479,RotomFan Rotom,Electric,Flying,520,50,65,107,105,107,86,4,False,1,1.329963662237273,0.20625512889603073
479,RotomMow Rotom,Electric,Grass,520,50,65,107,105,107,86,4,False,1,1.329963662237273,0.20625512889603073
480,Uxie,Psychic,,580,75,75,130,75,130,95,4,True,2,2.306554482588447,1.0230730877621705
481,Mesprit,Psychic,,580,80,105,105,105,105,80,4,True,2,2.3354534901162056,0.3748526227289778
482,Azelf,Psychic,,580,75,125,70,125,70,115,4,True,2,2.263470554053396,-1.6495527028672425
483,Dialga,Steel,Dragon,680,100,120,120,150,100,90,4,True,2,3.920608638659959,0.049027386730024325
484,Palkia,Water,Dragon,680,90,120,100,150,120,100,4,True,2,3.964108108456503,-0.4454021771456556
485,Heatran,Fire,Steel,600,91,90,106,130,106,77,4,True,2,2.6809971738320955,0.28277334352408884
486,Regigigas,Normal,,670,110,160,110,80,110,100,4,True,2,3.7739773216018846,0.37466260440918575
487,GiratinaAltered Forme,Ghost,Dragon,680,150,100,120,100,120,90,4,True,2,4.009593903249347,0.8632473489851544
487,GiratinaOrigin Forme,Ghost,Dragon,680,150,120,100,120,100,90,4,True,2,4.007028795600656,0.09361239187364753
488,Cresselia,Psychic,,600,120,70,120,75,130,85,4,False,2,2.714849427965285,1.2055181771386103
489,Phione,Water,,480,80,80,80,80,80,80,4,False,1,0.7202313509206931,-0.10576445534010574
490,Manaphy,Water,,600,100,100,100,100,100,100,4,False,2,2.6440825101295466,-0.11343219196776821
491,Darkrai,Dark,,600,70,90,90,135,90,125,4,True,2,2.571326810532038,-1.4005896835696585
492,ShayminLand Forme,Grass,,600,100,100,100,100,100,100,4,True,2,2.6440825101295466,-0.11343219196776821
492,ShayminSky Forme,Grass,Flying,600,100,103,75,120,75,127,4,True,2,2.595423420381448,-1.6426189386162733
493,Arceus,Normal,,720,120,120,120,120,120,120,4,True,2,4.567933669338398,-0.12109992859543071
494,Victini,Psychic,Fire,600,100,100,100,100,100,100,5,True,2,2.6440825101295466,-0.11343219196776821
495,Snivy,Grass,,308,45,45,55,45,55,63,5,False,0,-2.0645093821393674,-0.2178193800130608
496,Servine,Grass,,413,60,60,75,60,75,83,5,False,1,-0.38802452402260107,-0.19430566577769914
497,Serperior,Grass,,528,75,75,95,75,95,113,5,False,1,1.4319676067631413,-0.4007950730218141
498,Tepig,Fire,,308,65,63,45,45,45,45,5,False,0,-2.0141449347838334,-0.030560418616369107
499,Pignite,Fire,Fighting,418,90,93,55,70,55,55,5,False,1,-0.23020257957078938,-0.1296217912555769
500,Emboar,Fire,Fighting,528,110,123,65,100,65,65,5,False,1,1.5488587531447418,-0.29210388495951617
501,Oshawott,Water,,308,55,55,45,63,45,45,5,False,0,-2.02172165050085,-0.2290440341209058
502,Dewott,Water,,413,75,75,60,83,60,60,5,False,1,-0.33146698000212216,-0.26597628745467644
503,Samurott,Water,,528,95,100,85,108,70,70,5,False,1,1.5020364376690964,-0.07747759548599384
504,Patrat,Normal,,255,45,55,39,35,39,42,5,False,0,-2.886503443943769,-0.10691155601402759
505,Watchog,Normal,,420,60,85,69,60,69,77,5,False,1,-0.26875094881297873,-0.2378388445065516
506,Lillipup,Normal,,275,45,60,45,25,45,55,5,False,0,-2.5883821005531997,-0.14156045254718438
507,Herdier,Normal,,370,65,80,65,35,65,60,5,False,0,-1.042359256610032,0.28869551323581893
508,Stoutland,Normal,,500,85,110,90,45,90,80,5,False,1,1.0406030933769492,0.5148465707728455
509,Purrloin,Dark,,281,41,50,37,50,37,66,5,False,0,-2.511821673930404,-0.8678898258691868
510,Liepard,Dark,,446,64,88,50,88,50,106,5,False,1,0.10448854433615715,-1.700673169893892
511,Pansage,Grass,,316,50,53,48,53,48,64,5,False,0,-1.932651401828197,-0.502859248547436
512,Simisage,Grass,,498,75,98,63,98,63,101,5,False,1,0.9654918714882261,-1.2695504673271991
513,Pansear,Fire,,316,50,53,48,53,48,64,5,False,0,-1.932651401828197,-0.502859248547436
514,Simisear,Fire,,498,75,98,63,98,63,101,5,False,1,0.9654918714882261,-1.2695504673271991
515,Panpour,Water,,316,50,53,48,53,48,64,5,False,0,-1.932651401828197,-0.502859248547436
516,Simipour,Water,,498,75,98,63,98,63,101,5,False,1,0.9654918714882261,-1.2695504673271991
517,Munna,Psychic,,292,76,25,45,67,55,24,5,False,0,-2.1957520824828847,0.3847709817283649
518,Musharna,Psychic,,487,116,55,85,107,95,29,5,False,1,0.9898390369286942,1.1778127371238165
519,Pidove,Normal,Flying,264,50,55,50,36,30,43,5,False,0,-2.7735235041393045,0.02186266650615079
520,Tranquill,Normal,Flying,358,62,77,62,50,42,65,5,False,0,-1.283356310027863,-0.23469120446082228
521,Unfezant,Normal,Flying,488,80,115,80,65,55,93,5,False,1,0.7725566411439135,-0.49377222595862685
522,Blitzle,Electric,,295,45,60,32,50,32,76,5,False,0,-2.301389728469457,-1.231956359491914
523,Zebstrika,Electric,,497,75,100,63,80,63,116,5,False,1,0.9200985981526365,-1.4479741738963234
524,Roggenrola,Rock,,280,55,75,85,25,25,15,5,False,0,-2.53512489080074,1.4416131856788006
525,Boldore,Rock,,390,70,105,105,50,40,20,5,False,0,-0.7615415506640741,1.668843070567363
526,Gigalith,Rock,,515,85,135,130,60,80,25,5,False,1,1.28988006139858,2.3529977078515474
527,Woobat,Psychic,Flying,313,55,45,43,55,43,72,5,False,0,-1.9888788249193536,-0.8300573734680609
528,Swoobat,Psychic,Flying,425,67,57,55,77,55,114,5,False,1,-0.2414789051248922,-1.6175864000745388
529,Drilbur,Ground,,328,60,85,40,30,45,68,5,False,0,-1.7343366245444969,-0.5455021876209315
530,Excadrill,Ground,Steel,508,110,135,60,50,65,88,5,False,1,1.1860101224302215,-0.46150156885238464
531,Audino,Normal,,445,103,60,86,60,86,50,5,False,1,0.23547239180233362,1.0279564198188869
531,AudinoMega Audino,Normal,Fairy,545,103,60,126,80,126,50,5,False,1,1.8553500233318756,1.9962469990027585
532,Timburr,Fighting,,305,75,80,55,25,35,35,5,False,0,-2.0748976269824047,0.5287324595096818
533,Gurdurr,Fighting,,405,85,105,85,40,50,40,5,False,1,-0.4862018507895022,1.035495387917389
534,Conkeldurr,Fighting,,505,105,140,95,55,65,45,5,False,1,1.1471342407664857,1.1690302696697092
535,Tympole,Water,,294,50,50,40,50,40,64,5,False,0,-2.2883209109072955,-0.7047993753615727
536,Palpitoad,Water,Ground,384,75,65,55,65,55,69,5,False,0,-0.8166103629123866,-0.44662463441483125
537,Seismitoad,Water,Ground,509,105,95,75,85,75,74,5,False,1,1.2241450832149565,-0.07873157035787592
538,Throh,Fighting,,465,120,100,85,30,85,45,5,False,1,0.5759510120022124,1.4370647290479934
539,Sawk,Fighting,,465,75,125,75,30,75,85,5,False,1,0.45040122893101264,0.06745343083581841
540,Sewaddle,Bug,Grass,310,45,53,70,40,60,42,5,False,0,-2.013684469488488,0.6551118024177195
541,Swadloon,Bug,Grass,380,55,63,90,50,80,42,5,False,0,-0.8715804578017625,1.1698132104750583
542,Leavanny,Bug,Grass,500,75,103,80,70,80,92,5,False,1,1.0113301589614543,-0.3135528898800329
543,Venipede,Bug,Poison,260,30,45,59,30,39,57,5,False,0,-2.883331279063124,-0.04918989245113647
544,Whirlipede,Bug,Poison,360,40,55,99,40,79,47,5,False,0,-1.2373631305428225,1.2725789468690654
545,Scolipede,Bug,Poison,485,60,100,89,55,69,112,5,False,1,0.6795192999532629,-0.597655549677118
546,Cottonee,Grass,Fairy,280,40,27,60,37,50,66,5,False,0,-2.5434606034697542,-0.16576095990750495
547,Whimsicott,Grass,Fairy,480,60,67,85,77,75,116,5,False,1,0.6175615279755269,-0.9117426308558699
548,Petilil,Grass,,280,45,35,50,70,50,30,5,False,0,-2.4533434633317874,0.1679935964173459
549,Lilligant,Grass,,480,70,60,75,110,75,90,5,False,1,0.697597049414028,-0.785980529832576
550,Basculin,Water,,460,70,92,65,80,55,98,5,False,1,0.33256606246650294,-1.0771703647771451
551,Sandile,Ground,Dark,292,50,72,35,35,35,65,5,False,0,-2.3280255071470046,-0.7400931023079302
552,Krokorok,Ground,Dark,351,60,82,45,45,45,74,5,False,0,-1.380450654809476,-0.7209266584738138
553,Krookodile,Ground,Dark,519,95,117,80,65,70,92,5,False,1,1.318552136403587,-0.29060143310123493
554,Darumaka,Fire,,315,70,90,45,15,45,50,5,False,0,-1.9123722810126675,0.1410672728112076
555,DarmanitanStandard Mode,Fire,,480,105,140,55,30,55,95,5,False,1,0.7032790628662386,-0.6428961898219228
555,DarmanitanZen Mode,Fire,Psychic,540,105,30,105,140,105,55,5,False,1,1.7777267735193267,0.7346971866471865
556,Maractus,Grass,,461,75,86,67,106,67,60,5,False,1,0.44483736685805714,-0.2814204592906984
557,Dwebble,Bug,Rock,325,50,65,85,35,35,55,5,False,0,-1.864605599684105,0.5017268444043457
558,Crustle,Bug,Rock,475,70,95,125,65,75,45,5,False,1,0.5984983019472998,1.6648474583344393
559,Scraggy,Dark,Fighting,348,50,75,70,35,70,48,5,False,0,-1.391137180655388,0.6597648552863242
560,Scrafty,Dark,Fighting,488,65,90,115,45,115,58,5,False,1,0.8697709635394802,1.6810715883261216
561,Sigilyph,Psychic,Flying,490,72,58,80,103,80,97,5,False,1,0.8485965495929022,-0.7302155782062232
562,Yamask,Ghost,,303,38,30,85,55,65,30,5,False,0,-2.124689623251761,1.1218919805425485
563,Cofagrigus,Ghost,,483,58,50,145,95,105,30,5,False,1,0.7721780932050002,2.3692409213951118
564,Tirtouga,Water,Rock,355,54,78,103,53,45,22,5,False,0,-1.3301443626778877,1.5527215041428282
565,Carracosta,Water,Rock,495,74,108,133,83,65,32,5,False,1,0.9163651150683533,1.8806636478909766
566,Archen,Rock,Flying,401,55,112,45,74,45,70,5,False,1,-0.5730655773511222,-0.925450689824064
567,Archeops,Rock,Flying,567,75,140,65,112,65,110,5,False,2,2.0582900541994475,-1.5630719485333782
568,Trubbish,Poison,,329,50,50,62,40,62,65,5,False,0,-1.7244290394498119,-0.00010992655634374876
569,Garbodor,Poison,,474,80,95,82,60,82,75,5,False,1,0.6278336600090838,0.24773212155195995
570,Zorua,Dark,,330,40,65,40,80,40,65,5,False,0,-1.7188437991139183,-1.0455286252307987
571,Zoroark,Dark,,510,60,105,60,120,60,105,5,False,1,1.1368282072867473,-1.7057732521455335
572,Minccino,Normal,,300,55,50,40,40,40,75,5,False,0,-2.2068655916050184,-0.8479225778285399
573,Cinccino,Normal,,470,75,95,60,65,60,115,5,False,1,0.4848731777346717,-1.3704718261924025
574,Gothita,Psychic,,290,45,30,50,55,65,45,5,False,0,-2.2919666393462452,0.09401070471856059
575,Gothorita,Psychic,,390,60,45,70,75,85,55,5,False,1,-0.6777053507673458,0.3010680303376733
576,Gothitelle,Psychic,,490,70,55,95,95,110,65,5,False,1,0.9323161922262141,0.6371133741699312
577,Solosis,Psychic,,290,45,30,40,105,50,20,5,False,0,-2.2515451266947824,-0.1274287835973465
578,Duosion,Psychic,,370,65,40,50,125,60,30,5,False,0,-0.9547226895708906,-0.19025925016461706
579,Reuniclus,Psychic,,490,110,65,75,125,85,30,5,False,1,1.0295634646266758,0.6753062771041477
580,Ducklett,Water,Flying,305,62,44,50,44,50,55,5,False,0,-2.0804383006055622,-0.11078631061430022
581,Swanna,Water,Flying,473,75,87,63,87,63,98,5,False,1,0.5677962236679108,-1.0946356748528903
582,Vanillite,Ice,,305,36,50,50,65,60,44,5,False,0,-2.0691366093889454,-0.056490826180020784
583,Vanillish,Ice,,395,51,65,65,80,75,59,5,False,1,-0.626248239982305,-0.06224162865076748
584,Vanilluxe,Ice,,535,71,95,85,110,95,79,5,False,1,1.620006070153478,-0.1661946889424899
585,Deerling,Normal,Grass,335,60,60,50,40,50,75,5,False,0,-1.6371794165604105,-0.5457955154404491
586,Sawsbuck,Normal,Grass,475,80,100,70,60,70,95,5,False,1,0.6063432319778616,-0.5601958590133296
587,Emolga,Electric,Flying,428,55,75,60,75,60,103,5,False,1,-0.18909853504978957,-1.248499337539288
588,Karrablast,Bug,,315,50,75,45,40,45,60,5,False,0,-1.9468590121996951,-0.38402878781400673
589,Escavalier,Bug,Steel,495,70,135,105,60,105,20,5,False,1,1.0500343086592392,2.128985610111527
590,Foongus,Grass,Poison,294,69,55,45,55,55,15,5,False,0,-2.1611128972855718,0.6694320095151999
591,Amoonguss,Grass,Poison,464,114,85,70,85,80,30,5,False,1,0.6060542570344745,0.909552642254092
592,Frillish,Water,Ghost,335,55,40,50,65,85,40,5,False,0,-1.5091411445528773,0.31992950839484824
593,Jellicent,Water,Ghost,480,100,60,70,85,105,60,5,False,1,0.8455336427990888,0.3970678266122156
594,Alomomola,Water,,470,165,75,80,40,45,65,5,False,1,0.6098518545711347,0.5976997926947725
595,Joltik,Bug,Electric,319,50,47,50,57,50,65,5,False,0,-1.884438017904981,-0.5033009557100601
596,Galvantula,Bug,Electric,472,70,77,60,97,60,108,5,False,1,0.5307647208803926,-1.5177123704877227
597,Ferroseed,Grass,Steel,305,44,50,91,24,86,10,5,False,0,-2.028497648360304,2.186647433744553
598,Ferrothorn,Grass,Steel,489,74,94,131,54,116,20,5,False,1,0.9377970279250517,2.832331329460754
599,Klink,Steel,,300,40,55,70,45,60,30,5,False,0,-2.1588070702558304,0.8670215664338377
600,Klang,Steel,,440,60,80,95,70,85,50,5,False,1,0.08808851679212545,0.9554772454199925
601,Klinklang,Steel,,520,60,100,115,70,85,90,5,False,1,1.2693139773563198,0.4325163176776579
602,Tynamo,Electric,,275,35,55,40,45,40,60,5,False,0,-2.605583827659508,-0.6189054013173787
603,Eelektrik,Electric,,405,65,85,70,75,70,40,5,False,1,-0.4373434521911115,0.5196086011385099
604,Eelektross,Electric,,515,85,115,80,105,80,50,5,False,1,1.3417178805244196,0.3571265074345706
605,Elgyem,Psychic,,335,55,55,55,85,55,30,5,False,0,-1.5556485609761543,0.20007095856881
606,Beheeyem,Psychic,,485,75,75,75,125,95,40,5,False,1,0.9096766670318444,0.40984844770031964
607,Litwick,Ghost,Fire,275,50,30,55,65,55,20,5,False,0,-2.510044733459967,0.607366668143705
608,Lampent,Ghost,Fire,370,60,40,60,95,60,55,5,False,0,-1.026059012034297,-0.301579121697566
609,Chandelure,Ghost,Fire,520,60,55,90,145,90,80,5,False,1,1.356356932200135,-0.4806350168873458
610,Axew,Dragon,,320,46,87,60,30,40,57,5,False,0,-1.9039254589846226,0.01980072355389457
611,Fraxure,Dragon,,410,66,117,70,40,50,67,5,False,1,-0.44999893879353203,0.04315667023285721
612,Haxorus,Dragon,,540,76,147,90,60,70,97,5,False,1,1.6048657864917628,-0.23180291328490232
613,Cubchoo,Ice,,305,55,70,40,60,40,40,5,False,0,-2.0643347440925774,-0.23548229997849218
614,Beartic,Ice,,485,95,110,80,70,80,50,5,False,1,0.8651435375315395,0.7179486517789657
615,Cryogonal,Ice,,485,70,50,30,95,135,105,5,False,1,0.9417797099330419,-1.3769143158259884
616,Shelmet,Bug,,305,50,40,85,40,65,25,5,False,0,-2.073663282806175,1.4136126744224682
617,Accelgor,Bug,,495,80,70,40,100,60,145,5,False,1,0.8834314010673509,-2.7641049567711717
618,Stunfisk,Ground,Electric,471,109,66,84,81,99,32,5,False,1,0.7229977274595173,1.337419444677748
619,Mienfoo,Fighting,,350,45,85,50,55,50,65,5,False,0,-1.3957403950601512,-0.5144703158366895
620,Mienshao,Fighting,,510,65,125,60,95,60,105,5,False,1,1.136245906589238,-1.463247097643118
621,Druddigon,Dragon,,485,77,120,90,60,90,48,5,False,1,0.8472031138884676,1.080973788196975
622,Golett,Ground,Ghost,303,59,74,50,35,50,35,5,False,0,-2.085955112962558,0.4125714135177283
623,Golurk,Ground,Ghost,483,89,124,80,55,80,55,5,False,1,0.8134184362489438,0.7172593433019444
624,Pawniard,Dark,Steel,340,45,85,70,40,40,60,5,False,0,-1.6037435247009413,0.057053867979715706
625,Bisharp,Dark,Steel,490,65,125,100,60,70,70,5,False,1,0.8199575559196298,0.5611888007780053
626,Bouffalant,Normal,,490,95,110,95,40,95,55,5,False,1,0.9347235122062811,1.3145023839511207
627,Rufflet,Normal,Flying,350,70,83,50,37,50,60,5,False,0,-1.3612588834564652,-0.14673520321278805
628,Braviary,Normal,Flying,510,100,123,75,57,75,80,5,False,1,1.21643606871469,0.01705295259819021
629,Vullaby,Dark,Flying,370,70,55,75,45,65,60,5,False,0,-1.0494540461015276,0.42304554525529076
630,Mandibuzz,Dark,Flying,510,110,65,105,55,95,80,5,False,1,1.2203385694461624,0.8680401310594056
631,Heatmor,Fire,,484,85,97,66,105,66,65,5,False,1,0.8161144624796216,-0.3857638453823187
632,Durant,Bug,Steel,484,58,109,112,48,48,109,5,False,1,0.5848709709676393,-0.19101781861902947
633,Deino,Dark,Dragon,300,52,65,50,45,50,38,5,False,0,-2.144818310977955,0.22993543465117405
634,Zweilous,Dark,Dragon,420,72,85,70,65,70,58,5,False,1,-0.22096715176910234,0.22226769802351168
635,Hydreigon,Dark,Dragon,600,92,105,90,125,90,98,5,False,2,2.640168177826585,-0.6170823623289079
636,Larvesta,Bug,Fire,360,55,85,55,50,55,60,5,False,0,-1.214605430892867,-0.1748207456173674
637,Volcarona,Bug,Fire,550,85,60,65,135,105,100,5,False,2,1.90202436776051,-1.1393694344501608
638,Cobalion,Steel,Fighting,580,91,90,129,90,72,108,5,True,2,2.194514607495485,0.11121529166600774
639,Terrakion,Rock,Fighting,580,91,129,90,72,90,108,5,True,2,2.288441039375373,-0.3660860473217565
640,Virizion,Grass,Fighting,580,91,90,72,90,129,108,5,True,2,2.4006313053921997,-0.5457211666398385
641,TornadusIncarnate Forme,Flying,,580,79,115,70,125,80,111,5,True,2,2.2950869452958345,-1.45397610969634
641,TornadusTherian Forme,Flying,,580,79,100,80,110,90,121,5,True,2,2.278675196325693,-1.251019090788033
642,ThundurusIncarnate Forme,Electric,Flying,580,79,115,70,125,80,111,5,True,2,2.2950869452958345,-1.45397610969634
642,ThundurusTherian Forme,Electric,Flying,580,79,105,70,145,80,101,5,True,2,2.3168787404865894,-1.4064447251271563
643,Reshiram,Dragon,Fire,680,100,120,100,150,120,90,5,True,2,3.992930287044772,-0.1814766337281672
644,Zekrom,Dragon,Electric,680,100,150,120,120,100,90,5,True,2,3.912413653867428,0.31768553688655093
645,LandorusIncarnate Forme,Ground,Flying,600,89,125,90,115,80,101,5,True,2,2.6087023428454628,-0.69671368443922
645,LandorusTherian Forme,Ground,Flying,600,89,145,90,105,80,91,5,True,2,2.6222991532436843,-0.3805241497135103
646,Kyurem,Dragon,Ice,660,125,130,90,130,90,95,5,True,2,3.6466762499676855,-0.4910127022668736
646,KyuremBlack Kyurem,Dragon,Ice,700,125,170,100,120,90,95,5,True,2,4.267214262643737,-0.20966681340546375
646,KyuremWhite Kyurem,Dragon,Ice,700,125,120,90,170,100,95,5,True,2,4.317033394823695,-0.7726824072287706
647,KeldeoOrdinary Forme,Water,Fighting,580,91,72,90,129,90,108,5,False,2,2.304011510481183,-0.8765365326191563
647,KeldeoResolute Forme,Water,Fighting,580,91,72,90,129,90,108,5,False,2,2.304011510481183,-0.8765365326191563
648,MeloettaAria Forme,Normal,Psychic,600,100,77,77,128,128,90,5,False,2,2.761273290144409,-0.35761941639862516
648,MeloettaPirouette Forme,Normal,Fighting,600,100,128,90,77,77,128,5,False,2,2.5619519756960925,-0.9543170843156519
649,Genesect,Bug,Steel,600,71,120,95,120,95,99,5,False,2,2.6129398236948593,-0.5256436282140216
650,Chespin,Grass,,313,56,61,65,48,45,38,6,False,0,-1.9653685782790438,0.4764933064329294
651,Quilladin,Grass,,405,61,78,95,56,58,57,6,False,1,-0.5395777789878866,0.6946989962462062
652,Chesnaught,Grass,Fighting,530,88,107,122,74,75,64,6,False,1,1.4763399594312154,1.1406675799043007
653,Fennekin,Fire,,307,40,45,40,62,60,60,6,False,0,-2.043043727106141,-0.5832600765386332
654,Braixen,Fire,,409,59,59,58,90,70,73,6,False,1,-0.41140387820807217,-0.6326517932374365
655,Delphox,Fire,Psychic,534,75,69,72,114,100,104,6,False,1,1.6002305185781158,-0.975188414076637
656,Froakie,Water,,314,41,56,40,62,44,71,6,False,0,-1.9800106860683069,-0.9751983175222041
657,Frogadier,Water,,405,54,63,52,83,56,97,6,False,1,-0.541164070377059,-1.3803550538122689
658,Greninja,Water,Dark,530,72,95,67,103,71,122,6,False,1,1.4499348761368467,-1.6581144771802492
659,Bunnelby,Normal,,237,38,36,38,32,36,57,6,False,0,-3.2126845109314863,-0.48757148088988733
660,Diggersby,Normal,Ground,423,85,56,77,50,77,78,6,False,1,-0.1907190953918256,0.157473922365902
661,Fletchling,Normal,Flying,278,45,50,43,40,38,62,6,False,0,-2.5586104181424707,-0.5396013315413737
662,Fletchinder,Fire,Flying,382,62,73,55,56,52,84,6,False,0,-0.8977967897891233,-0.780786411458632
663,Talonflame,Fire,Flying,499,78,81,71,74,69,126,6,False,1,0.9370402584851589,-1.392155470634474
664,Scatterbug,Bug,,200,38,35,40,27,25,35,6,False,0,-3.794830891263953,0.01030586375559721
665,Spewpa,Bug,,213,45,22,60,27,30,29,6,False,0,-3.5906045942546,0.6235338278007218
666,Vivillon,Bug,Flying,411,80,52,50,90,50,89,6,False,1,-0.4066418967300207,-1.261857099814861
667,Litleo,Fire,Normal,369,62,50,58,73,54,72,6,False,0,-1.0821497540967546,-0.5771068627873486
668,Pyroar,Fire,Normal,507,86,68,72,109,66,106,6,False,1,1.1094879926930417,-1.2316544797241487
669,Flabébé,Fairy,,303,44,38,39,61,79,42,6,False,0,-2.0330888408303647,0.0003897545230289238
670,Floette,Fairy,,371,54,45,47,75,98,52,6,False,0,-0.9209085721516933,-0.002004182239510184
671,Florges,Fairy,,552,78,65,68,112,154,75,6,False,2,2.0533911361330963,0.10902724778743765
672,Skiddo,Grass,,350,66,65,48,62,57,52,6,False,0,-1.3290885097610692,-0.18227024491251298
673,Gogoat,Grass,,531,123,100,62,97,81,68,6,False,1,1.6442952780434705,-0.20333097787754806
674,Pancham,Fighting,,348,67,82,62,46,48,43,6,False,0,-1.3900627157604177,0.37574537350208725
675,Pangoro,Fighting,Dark,495,95,124,78,69,71,58,6,False,1,0.996779231490549,0.4201707501426293
676,Furfrou,Normal,,472,75,80,60,65,90,102,6,False,1,0.59832989968346,-0.8064980960662737
677,Espurr,Psychic,,355,62,48,54,63,60,68,6,False,0,-1.2836382357881764,-0.4202861229349636
678,MeowsticMale,Psychic,,466,74,48,76,83,81,104,6,False,1,0.45903432385889575,-0.7673217607897712
678,MeowsticFemale,Psychic,,466,74,48,76,83,81,104,6,False,1,0.45903432385889575,-0.7673217607897712
679,Honedge,Steel,Ghost,325,45,80,100,35,37,28,6,False,0,-1.8468580312083802,1.4208907445278645
680,Doublade,Steel,Ghost,448,59,110,150,45,49,35,6,False,1,0.07165305043977842,2.3177905191957002
681,AegislashBlade Forme,Steel,Ghost,520,60,150,50,150,50,60,6,False,2,1.3743228453029315,-1.2531967865806768
681,AegislashShield Forme,Steel,Ghost,520,60,50,150,50,150,60,6,False,1,1.3871483835463891,2.5949779989768573
682,Spritzee,Fairy,,341,78,52,60,63,65,23,6,False,0,-1.4135404465175128,0.8321125631363419
683,Aromatisse,Fairy,,462,101,72,72,99,89,29,6,False,1,0.5781665699166874,0.8810978537392324
684,Swirlix,Fairy,,341,62,48,66,59,57,49,6,False,0,-1.5027910673703502,0.27016589332570606
685,Slurpuff,Fairy,,480,82,80,86,85,75,72,6,False,1,0.7174709580998115,0.11637822950593964
686,Inkay,Dark,Psychic,288,53,54,53,37,46,45,6,False,0,-2.3618440928298106,0.17627523761797115
687,Malamar,Dark,Psychic,482,86,92,88,68,75,73,6,False,1,0.7449442568773715,0.30124807280361177
688,Binacle,Rock,Water,306,42,52,67,39,56,50,6,False,0,-2.0979158396957387,0.3753374573185029
689,Barbaracle,Rock,Water,500,72,105,115,54,86,68,6,False,1,0.9981956677532522,1.1348813790612673
690,Skrelp,Poison,Water,320,50,60,60,60,60,30,6,False,0,-1.8064710775523345,0.5579902237879741
691,Dragalge,Poison,Dragon,494,65,75,90,97,123,44,6,False,1,1.0589901882482797,1.0895283600748087
692,Clauncher,Water,,330,50,53,62,58,63,44,6,False,0,-1.6672299309360694,0.32329650839729207
693,Clawitzer,Water,,500,71,73,88,120,89,59,6,False,1,1.0790950662161103,0.2168819828340908
694,Helioptile,Electric,Normal,289,44,38,33,61,43,70,6,False,0,-2.365249693623518,-1.076658495548418
695,Heliolisk,Electric,Normal,481,62,55,52,109,94,109,6,False,1,0.7474232833745083,-1.5388849968979814
696,Tyrunt,Rock,Dragon,362,58,89,77,45,45,48,6,False,0,-1.2161106238407762,0.5139952247476592
697,Tyrantrum,Rock,Dragon,521,82,121,119,69,59,71,6,False,1,1.2848777637058595,0.8018668864417363
698,Amaura,Rock,Ice,362,77,59,50,67,63,46,6,False,0,-1.1035417739082098,0.04096902400568399
699,Aurorus,Rock,Ice,521,123,77,72,99,92,58,6,False,1,1.507357305096566,0.31302699967546194
700,Sylveon,Fairy,,525,95,65,65,110,130,60,6,False,1,1.623632246198256,0.2617800529763271
701,Hawlucha,Fighting,Flying,500,78,92,75,74,63,118,6,False,1,0.9476047769098276,-1.183083117645384
702,Dedenne,Electric,Fairy,431,67,58,57,81,67,101,6,False,1,-0.1023674172011066,-1.2117400772654234
703,Carbink,Rock,Fairy,500,50,50,150,50,150,50,6,False,1,1.0713116596201677,2.791058698518322
704,Goomy,Dragon,,300,45,50,35,55,75,40,6,False,0,-2.079769182298627,-0.013918392996212246
705,Sliggoo,Dragon,,452,68,75,53,83,113,60,6,False,1,0.4008619976229581,0.028145942752322753
706,Goodra,Dragon,,600,90,100,70,110,150,80,6,False,2,2.815634921317469,0.04725672283703212
707,Klefki,Steel,Fairy,470,57,80,91,80,87,75,6,False,1,0.5362049461322073,0.21394487639054835
708,Phantump,Ghost,Grass,309,43,70,48,50,60,38,6,False,0,-1.9875424652300577,0.19752424889415313
709,Trevenant,Ghost,Grass,474,85,110,76,65,82,56,6,False,1,0.6761144235271647,0.5290550484910953
710,PumpkabooAverage Size,Ghost,Grass,335,49,66,70,44,55,51,6,False,0,-1.6327443452504213,0.37681412310477386
710,PumpkabooSmall Size,Ghost,Grass,335,44,66,70,44,55,56,6,False,0,-1.6471554345445554,0.24485135139602976
710,PumpkabooLarge Size,Ghost,Grass,335,54,66,70,44,55,46,6,False,0,-1.6183332559562869,0.5087768948135178
710,PumpkabooSuper Size,Ghost,Grass,335,59,66,70,44,55,41,6,False,0,-1.6039221666621521,0.6407396665222621
711,GourgeistAverage Size,Ghost,Grass,494,65,90,122,58,75,84,6,False,1,0.8351681509279465,0.7570329146976774
711,GourgeistSmall Size,Ghost,Grass,494,55,85,122,58,75,99,6,False,1,0.7981817363418112,0.37978896227675496
711,GourgeistLarge Size,Ghost,Grass,494,75,95,122,58,75,69,6,False,1,0.8721545655140813,1.1342768671185992
711,GourgeistSuper Size,Ghost,Grass,494,85,100,122,58,75,54,6,False,1,0.9091409801002162,1.511520819539521
712,Bergmite,Ice,,304,55,69,85,32,35,28,6,False,0,-2.150746434274501,1.1662256680363297
713,Avalugg,Ice,,514,95,117,184,44,46,28,6,False,1,1.122027582345178,3.268289971802448
714,Noibat,Flying,Dragon,245,40,30,35,45,40,55,6,False,0,-3.062643320166865,-0.5794729122073097
715,Noivern,Flying,Dragon,535,85,70,80,97,80,123,6,False,1,1.5400061950069792,-1.2324126975857068
716,Xerneas,Fairy,,680,126,131,95,131,98,99,6,True,2,3.9693722509708826,-0.41899214188603284
717,Yveltal,Dark,Flying,680,126,131,95,131,98,99,6,True,2,3.9693722509708826,-0.41899214188603284
718,Zygarde50% Forme,Dragon,Ground,600,108,100,121,81,95,95,6,True,2,2.613253855253529,0.5859067818973158
719,Diancie,Rock,Fairy,600,50,100,150,100,150,50,6,True,2,2.6833274142548156,2.309632080198022
719,DiancieMega Diancie,Rock,Fairy,700,50,160,110,160,110,110,6,True,2,4.184047136825149,-0.8022272102299703
720,HoopaHoopa Confined,Psychic,Ghost,600,80,110,60,150,130,70,6,True,2,2.806294597881721,-0.5068771890829088
720,HoopaHoopa Unbound,Psychic,Dark,680,80,160,60,170,130,80,6,True,2,4.074115406398684,-0.9395498683083322
721,Volcanion,Fire,Water,600,80,110,120,130,90,70,6,True,2,2.6240413691465245,0.5437530573371657
